0.685,-1,0,-1,0,0,0,-1,0,-1,0,0,0
,-1,-1,-1,-1,-1,-1,-1,-1,-1,-1,-1,-1
,-1,-1,-1,-1,-1,-1,-1,-1,-1,-1,-1,-1
0.685,-1,-1,0,0,0,0,-1,-1,0,0,0,0
,-1,-1,-1,-1,-1,-1,-1,-1,-1,-1,-1,-1
,-1,-1,-1,-1,-1,-1,-1,-1,-1,-1,-1,-1
0.73,-1,-1,-1,-1,-1,0,-1,-1,-1,-1,-1,0
,-1,-1,-1,-1,-1,-1,-1,-1,-1,-1,-1,-1
,-1,-1,-1,-1,-1,-1,-1,-1,-1,-1,-1,-1
0.344,-1,0,0,0,0,-1,-1,0,0,0,0,-1
,-1,-1,-1,-1,-1,-1,-1,-1,-1,-1,-1,-1
,-1,-1,-1,-1,-1,-1,-1,-1,-1,-1,-1,-1
0.57,-1,0,0,-1,-1,-1,-1,0,0,-1,-1,-1
,-1,-1,-1,-1,-1,-1,-1,-1,-1,-1,-1,-1
,-1,-1,-1,-1,-1,-1,-1,-1,-1,-1,-1,-1
0.081,-1,0,-1,-1,-1,-1,-1,0,-1,-1,-1,-1
,-1,-1,-1,-1,-1,-1,-1,-1,-1,-1,-1,-1
,-1,-1,-1,-1,-1,-1,-1,-1,-1,-1,-1,-1
0.081,-1,-1,0,-1,-1,-1,-1,-1,0,-1,-1,-1
,-1,-1,-1,-1,-1,-1,-1,-1,-1,-1,-1,-1
,-1,-1,-1,-1,-1,-1,-1,-1,-1,-1,-1,-1
0.339,-1,-1,-1,0,-1,-1,-1,-1,-1,0,-1,-1
,-1,-1,-1,-1,-1,-1,-1,-1,-1,-1,-1,-1
,-1,-1,-1,-1,-1,-1,-1,-1,-1,-1,-1,-1
0.339,-1,-1,-1,-1,0,-1,-1,-1,-1,-1,0,-1
,-1,-1,-1,-1,-1,-1,-1,-1,-1,-1,-1,-1
,-1,-1,-1,-1,-1,-1,-1,-1,-1,-1,-1,-1
0.684,-1,-1,-1,0,0,-1,-1,-1,-1,0,0,-1
,-1,-1,-1,-1,-1,-1,-1,-1,-1,-1,-1,-1
,-1,-1,-1,-1,-1,-1,-1,-1,-1,-1,-1,-1
-0.001,0,0,-1,0,0,-1,0,0,-1,0,0,-1
,-1,-1,-1,-1,-1,-1,-1,-1,-1,-1,-1,-1
,-1,-1,-1,-1,-1,-1,-1,-1,-1,-1,-1,-1
-0.001,0,0,-1,0,-1,0,0,0,-1,0,-1,0
,-1,-1,-1,-1,-1,-1,-1,-1,-1,-1,-1,-1
,-1,-1,-1,-1,-1,-1,-1,-1,-1,-1,-1,-1
-0.001,0,0,-1,-1,0,0,0,0,-1,-1,0,0
,-1,-1,-1,-1,-1,-1,-1,-1,-1,-1,-1,-1
,-1,-1,-1,-1,-1,-1,-1,-1,-1,-1,-1,-1
-0.001,0,-1,0,0,0,-1,0,-1,0,0,0,-1
,-1,-1,-1,-1,-1,-1,-1,-1,-1,-1,-1,-1
,-1,-1,-1,-1,-1,-1,-1,-1,-1,-1,-1,-1
-0.001,0,-1,0,0,-1,0,0,-1,0,0,-1,0
,-1,-1,-1,-1,-1,-1,-1,-1,-1,-1,-1,-1
,-1,-1,-1,-1,-1,-1,-1,-1,-1,-1,-1,-1
-0.001,0,-1,0,-1,0,0,0,-1,0,-1,0,0
,-1,-1,-1,-1,-1,-1,-1,-1,-1,-1,-1,-1
,-1,-1,-1,-1,-1,-1,-1,-1,-1,-1,-1,-1
-0.512,-1,0,-1,0,0,-1,-1,0,-1,0,0,-1
,-1,-1,-1,-1,-1,-1,-1,-1,-1,-1,-1,-1
,-1,-1,-1,-1,-1,-1,-1,-1,-1,-1,-1,-1
-0.512,-1,-1,0,0,0,-1,-1,-1,0,0,0,-1
,-1,-1,-1,-1,-1,-1,-1,-1,-1,-1,-1,-1
,-1,-1,-1,-1,-1,-1,-1,-1,-1,-1,-1,-1
-0.73,-1,-1,-1,-1,-1,0,-1,-1,-1,-1,-1,0
,-1,-1,-1,-1,-1,0,-1,-1,-1,-1,-1,0
,-1,-1,-1,-1,-1,-1,-1,-1,-1,-1,-1,-1
-0.679,-1,-1,-1,0,0,0,-1,-1,-1,0,0,0
,-1,-1,-1,-1,-1,-1,-1,-1,-1,-1,-1,-1
,-1,-1,-1,-1,-1,-1,-1,-1,-1,-1,-1,-1
-0.086,-1,0,-1,0,-1,-1,-1,0,-1,0,-1,-1
,-1,0,-1,0,-1,-1,-1,0,-1,0,-1,-1
,-1,-1,-1,-1,-1,-1,-1,-1,-1,-1,-1,-1
-0.086,-1,0,-1,-1,0,-1,-1,0,-1,-1,0,-1
,-1,0,-1,-1,0,-1,-1,0,-1,-1,0,-1
,-1,-1,-1,-1,-1,-1,-1,-1,-1,-1,-1,-1
-0.086,-1,-1,0,0,-1,-1,-1,-1,0,0,-1,-1
,-1,-1,0,0,-1,-1,-1,-1,0,0,-1,-1
,-1,-1,-1,-1,-1,-1,-1,-1,-1,-1,-1,-1
-0.086,-1,-1,0,-1,0,-1,-1,-1,0,-1,0,-1
,-1,-1,0,-1,0,-1,-1,-1,0,-1,0,-1
,-1,-1,-1,-1,-1,-1,-1,-1,-1,-1,-1,-1
-0.344,-1,-1,-1,0,-1,0,-1,-1,-1,0,-1,0
,-1,-1,-1,-1,-1,-1,-1,-1,-1,-1,-1,-1
,-1,-1,-1,-1,-1,-1,-1,-1,-1,-1,-1,-1
-0.344,-1,-1,-1,-1,0,0,-1,-1,-1,-1,0,0
,-1,-1,-1,-1,-1,-1,-1,-1,-1,-1,-1,-1
,-1,-1,-1,-1,-1,-1,-1,-1,-1,-1,-1,-1
-0.09,-1,0,-1,0,-1,-1,-1,0,-1,0,-1,-1
,-1,-1,-1,-1,-1,-1,-1,-1,-1,-1,-1,-1
,-1,-1,-1,-1,-1,-1,-1,-1,-1,-1,-1,-1
-0.09,-1,0,-1,-1,0,-1,-1,0,-1,-1,0,-1
,-1,-1,-1,-1,-1,-1,-1,-1,-1,-1,-1,-1
,-1,-1,-1,-1,-1,-1,-1,-1,-1,-1,-1,-1
-0.09,-1,-1,0,0,-1,-1,-1,-1,0,0,-1,-1
,-1,-1,-1,-1,-1,-1,-1,-1,-1,-1,-1,-1
,-1,-1,-1,-1,-1,-1,-1,-1,-1,-1,-1,-1
-0.09,-1,-1,0,-1,0,-1,-1,-1,0,-1,0,-1
,-1,-1,-1,-1,-1,-1,-1,-1,-1,-1,-1,-1
,-1,-1,-1,-1,-1,-1,-1,-1,-1,-1,-1,-1
-0.493,-1,0,-1,0,-1,0,-1,0,-1,0,-1,0
,-1,-1,-1,-1,-1,-1,-1,-1,-1,-1,-1,-1
,-1,-1,-1,-1,-1,-1,-1,-1,-1,-1,-1,-1
-0.493,-1,0,-1,-1,0,0,-1,0,-1,-1,0,0
,-1,-1,-1,-1,-1,-1,-1,-1,-1,-1,-1,-1
,-1,-1,-1,-1,-1,-1,-1,-1,-1,-1,-1,-1
-0.493,-1,-1,0,0,-1,0,-1,-1,0,0,-1,0
,-1,-1,-1,-1,-1,-1,-1,-1,-1,-1,-1,-1
,-1,-1,-1,-1,-1,-1,-1,-1,-1,-1,-1,-1
-0.493,-1,-1,0,-1,0,0,-1,-1,0,-1,0,0
,-1,-1,-1,-1,-1,-1,-1,-1,-1,-1,-1,-1
,-1,-1,-1,-1,-1,-1,-1,-1,-1,-1,-1,-1
-0.081,-1,0,-1,-1,-1,-1,-1,0,-1,-1,-1,-1
,-1,0,-1,-1,-1,-1,-1,0,-1,-1,-1,-1
,-1,-1,-1,-1,-1,-1,-1,-1,-1,-1,-1,-1
-0.081,-1,-1,0,-1,-1,-1,-1,-1,0,-1,-1,-1
,-1,-1,0,-1,-1,-1,-1,-1,0,-1,-1,-1
,-1,-1,-1,-1,-1,-1,-1,-1,-1,-1,-1,-1
-0.082,-1,0,0,-1,-1,-1,-1,0,0,-1,-1,-1
,-1,0,0,-1,-1,-1,-1,0,0,-1,-1,-1
,-1,-1,-1,-1,-1,-1,-1,-1,-1,-1,-1,-1
-0.165,-1,0,0,0,-1,-1,-1,0,0,0,-1,-1
,-1,-1,-1,-1,-1,-1,-1,-1,-1,-1,-1,-1
,-1,-1,-1,-1,-1,-1,-1,-1,-1,-1,-1,-1
-0.165,-1,0,0,-1,0,-1,-1,0,0,-1,0,-1
,-1,-1,-1,-1,-1,-1,-1,-1,-1,-1,-1,-1
,-1,-1,-1,-1,-1,-1,-1,-1,-1,-1,-1,-1
-0.337,-1,0,0,0,-1,0,-1,0,0,0,-1,0
,-1,-1,-1,-1,-1,-1,-1,-1,-1,-1,-1,-1
,-1,-1,-1,-1,-1,-1,-1,-1,-1,-1,-1,-1
-0.337,-1,0,0,-1,0,0,-1,0,0,-1,0,0
,-1,-1,-1,-1,-1,-1,-1,-1,-1,-1,-1,-1
,-1,-1,-1,-1,-1,-1,-1,-1,-1,-1,-1,-1
-0.339,-1,-1,-1,0,-1,-1,-1,-1,-1,0,-1,-1
,-1,-1,-1,0,-1,-1,-1,-1,-1,0,-1,-1
,-1,-1,-1,-1,-1,-1,-1,-1,-1,-1,-1,-1
-0.339,-1,-1,-1,-1,0,-1,-1,-1,-1,-1,0,-1
,-1,-1,-1,-1,0,-1,-1,-1,-1,-1,0,-1
,-1,-1,-1,-1,-1,-1,-1,-1,-1,-1,-1,-1
-0.342,-1,-1,-1,0,-1,0,-1,-1,-1,0,-1,0
,-1,-1,-1,0,-1,0,-1,-1,-1,0,-1,0
,-1,-1,-1,-1,-1,-1,-1,-1,-1,-1,-1,-1
-0.342,-1,-1,-1,-1,0,0,-1,-1,-1,-1,0,0
,-1,-1,-1,-1,0,0,-1,-1,-1,-1,0,0
,-1,-1,-1,-1,-1,-1,-1,-1,-1,-1,-1,-1
1.0,-1,-1,-1,0,-1,0,-1,-1,-1,0,-1,0
,-1,-1,-1,-1,-1,0,-1,-1,-1,-1,-1,0
,-1,-1,-1,-1,-1,-1,-1,-1,-1,-1,-1,-1
1.0,-1,-1,-1,-1,0,0,-1,-1,-1,-1,0,0
,-1,-1,-1,-1,-1,0,-1,-1,-1,-1,-1,0
,-1,-1,-1,-1,-1,-1,-1,-1,-1,-1,-1,-1
0.5,-1,0,-1,0,-1,-1,-1,0,-1,0,-1,-1
,-1,-1,-1,-1,-1,0,-1,-1,-1,-1,-1,0
,-1,-1,-1,-1,-1,-1,-1,-1,-1,-1,-1,-1
0.5,-1,0,-1,-1,0,-1,-1,0,-1,-1,0,-1
,-1,-1,-1,-1,-1,0,-1,-1,-1,-1,-1,0
,-1,-1,-1,-1,-1,-1,-1,-1,-1,-1,-1,-1
0.5,-1,-1,0,0,-1,-1,-1,-1,0,0,-1,-1
,-1,-1,-1,-1,-1,0,-1,-1,-1,-1,-1,0
,-1,-1,-1,-1,-1,-1,-1,-1,-1,-1,-1,-1
0.5,-1,-1,0,-1,0,-1,-1,-1,0,-1,0,-1
,-1,-1,-1,-1,-1,0,-1,-1,-1,-1,-1,0
,-1,-1,-1,-1,-1,-1,-1,-1,-1,-1,-1,-1
0.681,-1,-1,-1,0,-1,-1,-1,-1,-1,0,-1,-1
,-1,-1,-1,0,-1,0,-1,-1,-1,0,-1,0
,-1,-1,-1,-1,-1,-1,-1,-1,-1,-1,-1,-1
0.681,-1,-1,-1,0,-1,-1,-1,-1,-1,0,-1,-1
,-1,-1,-1,-1,0,0,-1,-1,-1,-1,0,0
,-1,-1,-1,-1,-1,-1,-1,-1,-1,-1,-1,-1
0.681,-1,-1,-1,0,-1,0,-1,-1,-1,0,-1,0
,-1,-1,-1,-1,0,-1,-1,-1,-1,-1,0,-1
,-1,-1,-1,-1,-1,-1,-1,-1,-1,-1,-1,-1
0.681,-1,-1,-1,-1,0,-1,-1,-1,-1,-1,0,-1
,-1,-1,-1,-1,0,0,-1,-1,-1,-1,0,0
,-1,-1,-1,-1,-1,-1,-1,-1,-1,-1,-1,-1
0.001,0,-1,-1,-1,-1,-1,0,-1,-1,-1,-1,-1
,-1,-1,-1,0,-1,-1,-1,-1,-1,0,-1,-1
,-1,-1,-1,-1,-1,-1,-1,-1,-1,-1,-1,-1
0.001,0,-1,-1,-1,-1,-1,0,-1,-1,-1,-1,-1
,-1,-1,-1,0,-1,0,-1,-1,-1,0,-1,0
,-1,-1,-1,-1,-1,-1,-1,-1,-1,-1,-1,-1
0.001,0,-1,-1,-1,-1,-1,0,-1,-1,-1,-1,-1
,-1,-1,-1,-1,0,-1,-1,-1,-1,-1,0,-1
,-1,-1,-1,-1,-1,-1,-1,-1,-1,-1,-1,-1
0.001,0,-1,-1,-1,-1,-1,0,-1,-1,-1,-1,-1
,-1,-1,-1,-1,0,0,-1,-1,-1,-1,0,0
,-1,-1,-1,-1,-1,-1,-1,-1,-1,-1,-1,-1
0.002,0,-1,-1,-1,-1,-1,0,-1,-1,-1,-1,-1
,-1,-1,-1,0,0,-1,-1,-1,-1,0,0,-1
,-1,-1,-1,-1,-1,-1,-1,-1,-1,-1,-1,-1
0.002,0,-1,-1,-1,-1,-1,0,-1,-1,-1,-1,-1
,-1,-1,-1,-1,-1,0,-1,-1,-1,-1,-1,0
,-1,-1,-1,-1,-1,-1,-1,-1,-1,-1,-1,-1
0.002,-1,0,-1,0,-1,-1,-1,0,-1,0,-1,-1
,-1,-1,-1,0,0,-1,-1,-1,-1,0,0,-1
,-1,-1,-1,-1,-1,-1,-1,-1,-1,-1,-1,-1
0.002,-1,0,-1,-1,0,-1,-1,0,-1,-1,0,-1
,-1,-1,-1,0,0,-1,-1,-1,-1,0,0,-1
,-1,-1,-1,-1,-1,-1,-1,-1,-1,-1,-1,-1
0.002,-1,-1,0,0,-1,-1,-1,-1,0,0,-1,-1
,-1,-1,-1,0,0,-1,-1,-1,-1,0,0,-1
,-1,-1,-1,-1,-1,-1,-1,-1,-1,-1,-1,-1
0.002,-1,-1,0,-1,0,-1,-1,-1,0,-1,0,-1
,-1,-1,-1,0,0,-1,-1,-1,-1,0,0,-1
,-1,-1,-1,-1,-1,-1,-1,-1,-1,-1,-1,-1
0.003,-1,-1,-1,0,0,-1,-1,-1,-1,0,0,-1
,-1,-1,-1,0,-1,0,-1,-1,-1,0,-1,0
,-1,-1,-1,-1,-1,-1,-1,-1,-1,-1,-1,-1
0.003,-1,-1,-1,0,0,-1,-1,-1,-1,0,0,-1
,-1,-1,-1,-1,0,0,-1,-1,-1,-1,0,0
,-1,-1,-1,-1,-1,-1,-1,-1,-1,-1,-1,-1
0.005,-1,0,-1,-1,-1,-1,-1,0,-1,-1,-1,-1
,-1,-1,-1,-1,-1,0,-1,-1,-1,-1,-1,0
,-1,-1,-1,-1,-1,-1,-1,-1,-1,-1,-1,-1
0.005,-1,0,0,-1,-1,-1,-1,0,0,-1,-1,-1
,-1,-1,-1,-1,-1,0,-1,-1,-1,-1,-1,0
,-1,-1,-1,-1,-1,-1,-1,-1,-1,-1,-1,-1
0.005,-1,-1,0,-1,-1,-1,-1,-1,0,-1,-1,-1
,-1,-1,-1,-1,-1,0,-1,-1,-1,-1,-1,0
,-1,-1,-1,-1,-1,-1,-1,-1,-1,-1,-1,-1
0.167,-1,0,-1,-1,-1,-1,-1,0,-1,-1,-1,-1
,-1,0,-1,0,-1,-1,-1,0,-1,0,-1,-1
,-1,-1,-1,-1,-1,-1,-1,-1,-1,-1,-1,-1
0.167,-1,0,-1,-1,-1,-1,-1,0,-1,-1,-1,-1
,-1,0,-1,-1,0,-1,-1,0,-1,-1,0,-1
,-1,-1,-1,-1,-1,-1,-1,-1,-1,-1,-1,-1
0.167,-1,0,-1,-1,-1,-1,-1,0,-1,-1,-1,-1
,-1,-1,0,0,-1,-1,-1,-1,0,0,-1,-1
,-1,-1,-1,-1,-1,-1,-1,-1,-1,-1,-1,-1
0.167,-1,0,-1,-1,-1,-1,-1,0,-1,-1,-1,-1
,-1,-1,0,-1,0,-1,-1,-1,0,-1,0,-1
,-1,-1,-1,-1,-1,-1,-1,-1,-1,-1,-1,-1
0.167,-1,0,0,-1,-1,-1,-1,0,0,-1,-1,-1
,-1,0,-1,0,-1,-1,-1,0,-1,0,-1,-1
,-1,-1,-1,-1,-1,-1,-1,-1,-1,-1,-1,-1
0.167,-1,0,0,-1,-1,-1,-1,0,0,-1,-1,-1
,-1,0,-1,-1,0,-1,-1,0,-1,-1,0,-1
,-1,-1,-1,-1,-1,-1,-1,-1,-1,-1,-1,-1
0.167,-1,0,0,-1,-1,-1,-1,0,0,-1,-1,-1
,-1,-1,0,0,-1,-1,-1,-1,0,0,-1,-1
,-1,-1,-1,-1,-1,-1,-1,-1,-1,-1,-1,-1
0.167,-1,0,0,-1,-1,-1,-1,0,0,-1,-1,-1
,-1,-1,0,-1,0,-1,-1,-1,0,-1,0,-1
,-1,-1,-1,-1,-1,-1,-1,-1,-1,-1,-1,-1
0.167,-1,0,-1,0,-1,-1,-1,0,-1,0,-1,-1
,-1,-1,0,-1,-1,-1,-1,-1,0,-1,-1,-1
,-1,-1,-1,-1,-1,-1,-1,-1,-1,-1,-1,-1
0.167,-1,0,-1,-1,0,-1,-1,0,-1,-1,0,-1
,-1,-1,0,-1,-1,-1,-1,-1,0,-1,-1,-1
,-1,-1,-1,-1,-1,-1,-1,-1,-1,-1,-1,-1
0.167,-1,-1,0,-1,-1,-1,-1,-1,0,-1,-1,-1
,-1,-1,0,0,-1,-1,-1,-1,0,0,-1,-1
,-1,-1,-1,-1,-1,-1,-1,-1,-1,-1,-1,-1
0.167,-1,-1,0,-1,-1,-1,-1,-1,0,-1,-1,-1
,-1,-1,0,-1,0,-1,-1,-1,0,-1,0,-1
,-1,-1,-1,-1,-1,-1,-1,-1,-1,-1,-1,-1
0.334,-1,0,-1,-1,-1,-1,-1,0,-1,-1,-1,-1
,-1,-1,-1,0,-1,0,-1,-1,-1,0,-1,0
,-1,-1,-1,-1,-1,-1,-1,-1,-1,-1,-1,-1
0.334,-1,0,-1,-1,-1,-1,-1,0,-1,-1,-1,-1
,-1,-1,-1,-1,0,0,-1,-1,-1,-1,0,0
,-1,-1,-1,-1,-1,-1,-1,-1,-1,-1,-1,-1
0.334,-1,0,0,-1,-1,-1,-1,0,0,-1,-1,-1
,-1,-1,-1,0,-1,0,-1,-1,-1,0,-1,0
,-1,-1,-1,-1,-1,-1,-1,-1,-1,-1,-1,-1
0.334,-1,0,0,-1,-1,-1,-1,0,0,-1,-1,-1
,-1,-1,-1,-1,0,0,-1,-1,-1,-1,0,0
,-1,-1,-1,-1,-1,-1,-1,-1,-1,-1,-1,-1
0.334,-1,-1,0,-1,-1,-1,-1,-1,0,-1,-1,-1
,-1,-1,-1,0,-1,0,-1,-1,-1,0,-1,0
,-1,-1,-1,-1,-1,-1,-1,-1,-1,-1,-1,-1
0.334,-1,-1,0,-1,-1,-1,-1,-1,0,-1,-1,-1
,-1,-1,-1,-1,0,0,-1,-1,-1,-1,0,0
,-1,-1,-1,-1,-1,-1,-1,-1,-1,-1,-1,-1
0.341,-1,0,-1,0,-1,-1,-1,0,-1,0,-1,-1
,-1,-1,-1,0,-1,-1,-1,-1,-1,0,-1,-1
,-1,-1,-1,-1,-1,-1,-1,-1,-1,-1,-1,-1
0.341,-1,0,-1,0,-1,-1,-1,0,-1,0,-1,-1
,-1,-1,-1,-1,0,-1,-1,-1,-1,-1,0,-1
,-1,-1,-1,-1,-1,-1,-1,-1,-1,-1,-1,-1
0.341,-1,0,-1,-1,0,-1,-1,0,-1,-1,0,-1
,-1,-1,-1,0,-1,-1,-1,-1,-1,0,-1,-1
,-1,-1,-1,-1,-1,-1,-1,-1,-1,-1,-1,-1
0.341,-1,0,-1,-1,0,-1,-1,0,-1,-1,0,-1
,-1,-1,-1,-1,0,-1,-1,-1,-1,-1,0,-1
,-1,-1,-1,-1,-1,-1,-1,-1,-1,-1,-1,-1
0.341,-1,-1,0,0,-1,-1,-1,-1,0,0,-1,-1
,-1,-1,-1,0,-1,-1,-1,-1,-1,0,-1,-1
,-1,-1,-1,-1,-1,-1,-1,-1,-1,-1,-1,-1
0.341,-1,-1,0,0,-1,-1,-1,-1,0,0,-1,-1
,-1,-1,-1,-1,0,-1,-1,-1,-1,-1,0,-1
,-1,-1,-1,-1,-1,-1,-1,-1,-1,-1,-1,-1
0.341,-1,-1,0,-1,0,-1,-1,-1,0,-1,0,-1
,-1,-1,-1,0,-1,-1,-1,-1,-1,0,-1,-1
,-1,-1,-1,-1,-1,-1,-1,-1,-1,-1,-1,-1
0.341,-1,-1,0,-1,0,-1,-1,-1,0,-1,0,-1
,-1,-1,-1,-1,0,-1,-1,-1,-1,-1,0,-1
,-1,-1,-1,-1,-1,-1,-1,-1,-1,-1,-1,-1
-0.001,0,-1,-1,-1,-1,-1,0,-1,-1,-1,-1,-1
,-1,0,-1,0,0,-1,-1,0,-1,0,0,-1
,-1,-1,-1,-1,-1,-1,-1,-1,-1,-1,-1,-1
-0.001,0,-1,-1,-1,-1,-1,0,-1,-1,-1,-1,-1
,-1,0,-1,0,-1,0,-1,0,-1,0,-1,0
,-1,-1,-1,-1,-1,-1,-1,-1,-1,-1,-1,-1
-0.001,0,-1,-1,-1,-1,-1,0,-1,-1,-1,-1,-1
,-1,0,-1,-1,0,0,-1,0,-1,-1,0,0
,-1,-1,-1,-1,-1,-1,-1,-1,-1,-1,-1,-1
-0.001,0,-1,-1,-1,-1,-1,0,-1,-1,-1,-1,-1
,-1,-1,0,0,0,-1,-1,-1,0,0,0,-1
,-1,-1,-1,-1,-1,-1,-1,-1,-1,-1,-1,-1
-0.001,0,-1,-1,-1,-1,-1,0,-1,-1,-1,-1,-1
,-1,-1,0,0,-1,0,-1,-1,0,0,-1,0
,-1,-1,-1,-1,-1,-1,-1,-1,-1,-1,-1,-1
-0.001,0,-1,-1,-1,-1,-1,0,-1,-1,-1,-1,-1
,-1,-1,0,-1,0,0,-1,-1,0,-1,0,0
,-1,-1,-1,-1,-1,-1,-1,-1,-1,-1,-1,-1
-0.001,0,-1,-1,-1,-1,-1,0,-1,-1,-1,-1,-1
,-1,-1,-1,0,-1,-1,-1,-1,-1,0,-1,-1
,-1,-1,-1,0,-1,-1,-1,-1,-1,0,-1,-1
-0.001,0,-1,-1,-1,-1,-1,0,-1,-1,-1,-1,-1
,-1,-1,-1,-1,0,-1,-1,-1,-1,-1,0,-1
,-1,-1,-1,-1,0,-1,-1,-1,-1,-1,0,-1
-0.001,-1,0,-1,-1,-1,-1,-1,0,-1,-1,-1,-1
,-1,-1,-1,0,0,-1,-1,-1,-1,0,0,-1
,-1,-1,-1,-1,-1,-1,-1,-1,-1,-1,-1,-1
-0.001,-1,-1,0,-1,-1,-1,-1,-1,0,-1,-1,-1
,-1,-1,-1,0,0,-1,-1,-1,-1,0,0,-1
,-1,-1,-1,-1,-1,-1,-1,-1,-1,-1,-1,-1
-0.001,-1,0,-1,-1,-1,-1,-1,0,-1,-1,-1,-1
,-1,0,-1,-1,-1,-1,-1,0,-1,-1,-1,-1
,-1,-1,-1,-1,-1,0,-1,-1,-1,-1,-1,0
-0.001,-1,-1,0,-1,-1,-1,-1,-1,0,-1,-1,-1
,-1,-1,0,-1,-1,-1,-1,-1,0,-1,-1,-1
,-1,-1,-1,-1,-1,0,-1,-1,-1,-1,-1,0
-0.002,0,-1,-1,-1,-1,-1,0,-1,-1,-1,-1,-1
,-1,-1,-1,0,0,0,-1,-1,-1,0,0,0
,-1,-1,-1,-1,-1,-1,-1,-1,-1,-1,-1,-1
-0.002,0,-1,-1,-1,-1,-1,0,-1,-1,-1,-1,-1
,-1,-1,-1,-1,-1,0,-1,-1,-1,-1,-1,0
,-1,-1,-1,-1,-1,0,-1,-1,-1,-1,-1,0
-0.002,-1,0,0,-1,-1,-1,-1,0,0,-1,-1,-1
,-1,-1,-1,0,0,-1,-1,-1,-1,0,0,-1
,-1,-1,-1,-1,-1,-1,-1,-1,-1,-1,-1,-1
-0.004,-1,0,-1,-1,-1,-1,-1,0,-1,-1,-1,-1
,-1,-1,-1,-1,-1,0,-1,-1,-1,-1,-1,0
,-1,-1,-1,-1,-1,0,-1,-1,-1,-1,-1,0
-0.004,-1,-1,0,-1,-1,-1,-1,-1,0,-1,-1,-1
,-1,-1,-1,-1,-1,0,-1,-1,-1,-1,-1,0
,-1,-1,-1,-1,-1,0,-1,-1,-1,-1,-1,0
-0.677,-1,-1,-1,0,-1,-1,-1,-1,-1,0,-1,-1
,-1,-1,-1,-1,0,-1,-1,-1,-1,-1,0,-1
,-1,-1,-1,-1,-1,-1,-1,-1,-1,-1,-1,-1
-0.685,-1,-1,-1,0,-1,0,-1,-1,-1,0,-1,0
,-1,-1,-1,-1,0,0,-1,-1,-1,-1,0,0
,-1,-1,-1,-1,-1,-1,-1,-1,-1,-1,-1,-1
-0.003,-1,-1,-1,0,-1,-1,-1,-1,-1,0,-1,-1
,-1,-1,-1,0,0,-1,-1,-1,-1,0,0,-1
,-1,-1,-1,-1,-1,-1,-1,-1,-1,-1,-1,-1
-0.003,-1,-1,-1,0,0,-1,-1,-1,-1,0,0,-1
,-1,-1,-1,-1,0,-1,-1,-1,-1,-1,0,-1
,-1,-1,-1,-1,-1,-1,-1,-1,-1,-1,-1,-1
-0.005,-1,-1,-1,0,0,-1,-1,-1,-1,0,0,-1
,-1,-1,-1,-1,-1,0,-1,-1,-1,-1,-1,0
,-1,-1,-1,-1,-1,-1,-1,-1,-1,-1,-1,-1
-0.163,-1,0,-1,-1,-1,-1,-1,0,-1,-1,-1,-1
,-1,0,0,-1,-1,-1,-1,0,0,-1,-1,-1
,-1,-1,-1,-1,-1,-1,-1,-1,-1,-1,-1,-1
-0.163,-1,0,-1,-1,-1,-1,-1,0,-1,-1,-1,-1
,-1,-1,0,-1,-1,-1,-1,-1,0,-1,-1,-1
,-1,-1,-1,-1,-1,-1,-1,-1,-1,-1,-1,-1
-0.163,-1,0,0,-1,-1,-1,-1,0,0,-1,-1,-1
,-1,-1,0,-1,-1,-1,-1,-1,0,-1,-1,-1
,-1,-1,-1,-1,-1,-1,-1,-1,-1,-1,-1,-1
-0.332,-1,0,-1,-1,-1,-1,-1,0,-1,-1,-1,-1
,-1,-1,-1,0,-1,-1,-1,-1,-1,0,-1,-1
,-1,-1,-1,-1,-1,-1,-1,-1,-1,-1,-1,-1
-0.332,-1,0,-1,-1,-1,-1,-1,0,-1,-1,-1,-1
,-1,-1,-1,-1,0,-1,-1,-1,-1,-1,0,-1
,-1,-1,-1,-1,-1,-1,-1,-1,-1,-1,-1,-1
-0.332,-1,-1,0,-1,-1,-1,-1,-1,0,-1,-1,-1
,-1,-1,-1,0,-1,-1,-1,-1,-1,0,-1,-1
,-1,-1,-1,-1,-1,-1,-1,-1,-1,-1,-1,-1
-0.332,-1,-1,0,-1,-1,-1,-1,-1,0,-1,-1,-1
,-1,-1,-1,-1,0,-1,-1,-1,-1,-1,0,-1
,-1,-1,-1,-1,-1,-1,-1,-1,-1,-1,-1,-1
-0.333,-1,0,0,-1,-1,-1,-1,0,0,-1,-1,-1
,-1,-1,-1,0,-1,-1,-1,-1,-1,0,-1,-1
,-1,-1,-1,-1,-1,-1,-1,-1,-1,-1,-1,-1
-0.333,-1,0,0,-1,-1,-1,-1,0,0,-1,-1,-1
,-1,-1,-1,-1,0,-1,-1,-1,-1,-1,0,-1
,-1,-1,-1,-1,-1,-1,-1,-1,-1,-1,-1,-1
-0.171,-1,0,-1,0,-1,-1,-1,0,-1,0,-1,-1
,-1,0,-1,-1,0,-1,-1,0,-1,-1,0,-1
,-1,-1,-1,-1,-1,-1,-1,-1,-1,-1,-1,-1
-0.171,-1,0,-1,0,-1,-1,-1,0,-1,0,-1,-1
,-1,-1,0,0,-1,-1,-1,-1,0,0,-1,-1
,-1,-1,-1,-1,-1,-1,-1,-1,-1,-1,-1,-1
-0.171,-1,0,-1,0,-1,-1,-1,0,-1,0,-1,-1
,-1,-1,0,-1,0,-1,-1,-1,0,-1,0,-1
,-1,-1,-1,-1,-1,-1,-1,-1,-1,-1,-1,-1
-0.171,-1,0,-1,-1,0,-1,-1,0,-1,-1,0,-1
,-1,-1,0,0,-1,-1,-1,-1,0,0,-1,-1
,-1,-1,-1,-1,-1,-1,-1,-1,-1,-1,-1,-1
-0.171,-1,0,-1,-1,0,-1,-1,0,-1,-1,0,-1
,-1,-1,0,-1,0,-1,-1,-1,0,-1,0,-1
,-1,-1,-1,-1,-1,-1,-1,-1,-1,-1,-1,-1
-0.171,-1,-1,0,0,-1,-1,-1,-1,0,0,-1,-1
,-1,-1,0,-1,0,-1,-1,-1,0,-1,0,-1
,-1,-1,-1,-1,-1,-1,-1,-1,-1,-1,-1,-1
-0.343,-1,0,-1,0,-1,-1,-1,0,-1,0,-1,-1
,-1,-1,-1,0,-1,0,-1,-1,-1,0,-1,0
,-1,-1,-1,-1,-1,-1,-1,-1,-1,-1,-1,-1
-0.343,-1,0,-1,0,-1,-1,-1,0,-1,0,-1,-1
,-1,-1,-1,-1,0,0,-1,-1,-1,-1,0,0
,-1,-1,-1,-1,-1,-1,-1,-1,-1,-1,-1,-1
-0.343,-1,0,-1,-1,0,-1,-1,0,-1,-1,0,-1
,-1,-1,-1,0,-1,0,-1,-1,-1,0,-1,0
,-1,-1,-1,-1,-1,-1,-1,-1,-1,-1,-1,-1
-0.343,-1,0,-1,-1,0,-1,-1,0,-1,-1,0,-1
,-1,-1,-1,-1,0,0,-1,-1,-1,-1,0,0
,-1,-1,-1,-1,-1,-1,-1,-1,-1,-1,-1,-1
-0.343,-1,-1,0,0,-1,-1,-1,-1,0,0,-1,-1
,-1,-1,-1,0,-1,0,-1,-1,-1,0,-1,0
,-1,-1,-1,-1,-1,-1,-1,-1,-1,-1,-1,-1
-0.343,-1,-1,0,0,-1,-1,-1,-1,0,0,-1,-1
,-1,-1,-1,-1,0,0,-1,-1,-1,-1,0,0
,-1,-1,-1,-1,-1,-1,-1,-1,-1,-1,-1,-1
-0.343,-1,-1,0,-1,0,-1,-1,-1,0,-1,0,-1
,-1,-1,-1,0,-1,0,-1,-1,-1,0,-1,0
,-1,-1,-1,-1,-1,-1,-1,-1,-1,-1,-1,-1
-0.343,-1,-1,0,-1,0,-1,-1,-1,0,-1,0,-1
,-1,-1,-1,-1,0,0,-1,-1,-1,-1,0,0
,-1,-1,-1,-1,-1,-1,-1,-1,-1,-1,-1,-1
-0.995,-1,-1,-1,0,-1,-1,-1,-1,-1,0,-1,-1
,-1,-1,-1,-1,-1,0,-1,-1,-1,-1,-1,0
,-1,-1,-1,-1,-1,-1,-1,-1,-1,-1,-1,-1
-0.995,-1,-1,-1,-1,0,-1,-1,-1,-1,-1,0,-1
,-1,-1,-1,-1,-1,0,-1,-1,-1,-1,-1,0
,-1,-1,-1,-1,-1,-1,-1,-1,-1,-1,-1,-1
0.001,0,-1,-1,-1,-1,-1,0,-1,-1,-1,-1,-1
,-1,-1,-1,0,-1,-1,-1,-1,-1,0,-1,-1
,-1,-1,-1,0,-1,0,-1,-1,-1,0,-1,0
0.001,0,-1,-1,-1,-1,-1,0,-1,-1,-1,-1,-1
,-1,-1,-1,0,-1,-1,-1,-1,-1,0,-1,-1
,-1,-1,-1,-1,0,0,-1,-1,-1,-1,0,0
0.001,0,-1,-1,-1,-1,-1,0,-1,-1,-1,-1,-1
,-1,-1,-1,0,-1,0,-1,-1,-1,0,-1,0
,-1,-1,-1,-1,0,-1,-1,-1,-1,-1,0,-1
0.001,0,-1,-1,-1,-1,-1,0,-1,-1,-1,-1,-1
,-1,-1,-1,-1,0,-1,-1,-1,-1,-1,0,-1
,-1,-1,-1,-1,0,0,-1,-1,-1,-1,0,0
0.001,-1,0,-1,-1,-1,-1,-1,0,-1,-1,-1,-1
,-1,0,-1,0,-1,-1,-1,0,-1,0,-1,-1
,-1,-1,-1,-1,-1,0,-1,-1,-1,-1,-1,0
0.001,-1,0,-1,-1,-1,-1,-1,0,-1,-1,-1,-1
,-1,0,-1,-1,0,-1,-1,0,-1,-1,0,-1
,-1,-1,-1,-1,-1,0,-1,-1,-1,-1,-1,0
0.001,-1,0,-1,-1,-1,-1,-1,0,-1,-1,-1,-1
,-1,-1,0,0,-1,-1,-1,-1,0,0,-1,-1
,-1,-1,-1,-1,-1,0,-1,-1,-1,-1,-1,0
0.001,-1,0,-1,-1,-1,-1,-1,0,-1,-1,-1,-1
,-1,-1,0,-1,0,-1,-1,-1,0,-1,0,-1
,-1,-1,-1,-1,-1,0,-1,-1,-1,-1,-1,0
0.001,-1,0,-1,0,-1,-1,-1,0,-1,0,-1,-1
,-1,-1,0,-1,-1,-1,-1,-1,0,-1,-1,-1
,-1,-1,-1,-1,-1,0,-1,-1,-1,-1,-1,0
0.001,-1,0,-1,-1,0,-1,-1,0,-1,-1,0,-1
,-1,-1,0,-1,-1,-1,-1,-1,0,-1,-1,-1
,-1,-1,-1,-1,-1,0,-1,-1,-1,-1,-1,0
0.001,-1,-1,0,-1,-1,-1,-1,-1,0,-1,-1,-1
,-1,-1,0,0,-1,-1,-1,-1,0,0,-1,-1
,-1,-1,-1,-1,-1,0,-1,-1,-1,-1,-1,0
0.001,-1,-1,0,-1,-1,-1,-1,-1,0,-1,-1,-1
,-1,-1,0,-1,0,-1,-1,-1,0,-1,0,-1
,-1,-1,-1,-1,-1,0,-1,-1,-1,-1,-1,0
0.002,0,-1,-1,-1,-1,-1,0,-1,-1,-1,-1,-1
,-1,-1,-1,0,-1,0,-1,-1,-1,0,-1,0
,-1,-1,-1,-1,-1,0,-1,-1,-1,-1,-1,0
0.002,0,-1,-1,-1,-1,-1,0,-1,-1,-1,-1,-1
,-1,-1,-1,-1,0,0,-1,-1,-1,-1,0,0
,-1,-1,-1,-1,-1,0,-1,-1,-1,-1,-1,0
0.003,-1,0,-1,-1,-1,-1,-1,0,-1,-1,-1,-1
,-1,-1,-1,0,-1,0,-1,-1,-1,0,-1,0
,-1,-1,-1,-1,-1,0,-1,-1,-1,-1,-1,0
0.003,-1,0,-1,-1,-1,-1,-1,0,-1,-1,-1,-1
,-1,-1,-1,-1,0,0,-1,-1,-1,-1,0,0
,-1,-1,-1,-1,-1,0,-1,-1,-1,-1,-1,0
0.003,-1,-1,0,-1,-1,-1,-1,-1,0,-1,-1,-1
,-1,-1,-1,0,-1,0,-1,-1,-1,0,-1,0
,-1,-1,-1,-1,-1,0,-1,-1,-1,-1,-1,0
0.003,-1,-1,0,-1,-1,-1,-1,-1,0,-1,-1,-1
,-1,-1,-1,-1,0,0,-1,-1,-1,-1,0,0
,-1,-1,-1,-1,-1,0,-1,-1,-1,-1,-1,0
-0.001,-1,0,-1,-1,-1,-1,-1,0,-1,-1,-1,-1
,-1,0,0,-1,-1,-1,-1,0,0,-1,-1,-1
,-1,-1,-1,-1,-1,0,-1,-1,-1,-1,-1,0
-0.001,-1,0,0,-1,-1,-1,-1,0,0,-1,-1,-1
,-1,-1,0,-1,-1,-1,-1,-1,0,-1,-1,-1
,-1,-1,-1,-1,-1,0,-1,-1,-1,-1,-1,0
-0.002,0,-1,-1,-1,-1,-1,0,-1,-1,-1,-1,-1
,-1,-1,-1,0,-1,-1,-1,-1,-1,0,-1,-1
,-1,-1,-1,-1,0,-1,-1,-1,-1,-1,0,-1
-0.002,-1,0,-1,-1,-1,-1,-1,0,-1,-1,-1,-1
,-1,-1,0,-1,-1,-1,-1,-1,0,-1,-1,-1
,-1,-1,-1,-1,-1,0,-1,-1,-1,-1,-1,0
-0.003,0,-1,-1,-1,-1,-1,0,-1,-1,-1,-1,-1
,-1,-1,-1,0,-1,-1,-1,-1,-1,0,-1,-1
,-1,-1,-1,-1,-1,0,-1,-1,-1,-1,-1,0
-0.003,0,-1,-1,-1,-1,-1,0,-1,-1,-1,-1,-1
,-1,-1,-1,-1,0,-1,-1,-1,-1,-1,0,-1
,-1,-1,-1,-1,-1,0,-1,-1,-1,-1,-1,0
-0.003,-1,0,-1,-1,-1,-1,-1,0,-1,-1,-1,-1
,-1,-1,-1,0,-1,-1,-1,-1,-1,0,-1,-1
,-1,-1,-1,-1,-1,0,-1,-1,-1,-1,-1,0
-0.003,-1,0,-1,-1,-1,-1,-1,0,-1,-1,-1,-1
,-1,-1,-1,-1,0,-1,-1,-1,-1,-1,0,-1
,-1,-1,-1,-1,-1,0,-1,-1,-1,-1,-1,0
-0.003,-1,-1,0,-1,-1,-1,-1,-1,0,-1,-1,-1
,-1,-1,-1,0,-1,-1,-1,-1,-1,0,-1,-1
,-1,-1,-1,-1,-1,0,-1,-1,-1,-1,-1,0
-0.003,-1,-1,0,-1,-1,-1,-1,-1,0,-1,-1,-1
,-1,-1,-1,-1,0,-1,-1,-1,-1,-1,0,-1
,-1,-1,-1,-1,-1,0,-1,-1,-1,-1,-1,0
