0.125,-1,0,0,0,0,-1,-1,0,0,0,0,-1
,-1,-1,-1,-1,-1,-1,-1,-1,-1,-1,-1,-1
,-1,-1,-1,-1,-1,-1,-1,-1,-1,-1,-1,-1
,-1,-1,-1,-1,-1,-1,-1,-1,-1,-1,-1,-1
0.12,-1,-1,-1,0,-1,-1,-1,-1,-1,0,-1,-1
,-1,-1,-1,-1,-1,-1,-1,-1,-1,-1,-1,-1
,-1,-1,-1,-1,-1,-1,-1,-1,-1,-1,-1,-1
,-1,-1,-1,-1,-1,-1,-1,-1,-1,-1,-1,-1
0.12,-1,-1,-1,-1,0,-1,-1,-1,-1,-1,0,-1
,-1,-1,-1,-1,-1,-1,-1,-1,-1,-1,-1,-1
,-1,-1,-1,-1,-1,-1,-1,-1,-1,-1,-1,-1
,-1,-1,-1,-1,-1,-1,-1,-1,-1,-1,-1,-1
0.248,0,0,0,-1,-1,-1,0,0,0,-1,-1,-1
,-1,-1,-1,-1,-1,-1,-1,-1,-1,-1,-1,-1
,-1,-1,-1,-1,-1,-1,-1,-1,-1,-1,-1,-1
,-1,-1,-1,-1,-1,-1,-1,-1,-1,-1,-1,-1
0.008,-1,0,-1,-1,-1,-1,-1,0,-1,-1,-1,-1
,-1,-1,-1,-1,-1,-1,-1,-1,-1,-1,-1,-1
,-1,-1,-1,-1,-1,-1,-1,-1,-1,-1,-1,-1
,-1,-1,-1,-1,-1,-1,-1,-1,-1,-1,-1,-1
0.034,-1,0,0,-1,-1,-1,-1,0,0,-1,-1,-1
,-1,-1,-1,-1,-1,-1,-1,-1,-1,-1,-1,-1
,-1,-1,-1,-1,-1,-1,-1,-1,-1,-1,-1,-1
,-1,-1,-1,-1,-1,-1,-1,-1,-1,-1,-1,-1
0.093,-1,-1,-1,0,0,-1,-1,-1,-1,0,0,-1
,-1,-1,-1,-1,-1,-1,-1,-1,-1,-1,-1,-1
,-1,-1,-1,-1,-1,-1,-1,-1,-1,-1,-1,-1
,-1,-1,-1,-1,-1,-1,-1,-1,-1,-1,-1,-1
0.094,-1,0,-1,0,0,0,-1,0,-1,0,0,0
,-1,-1,-1,-1,-1,-1,-1,-1,-1,-1,-1,-1
,-1,-1,-1,-1,-1,-1,-1,-1,-1,-1,-1,-1
,-1,-1,-1,-1,-1,-1,-1,-1,-1,-1,-1,-1
0.768,0,-1,0,0,-1,-1,0,-1,0,0,-1,-1
,-1,-1,-1,-1,-1,-1,-1,-1,-1,-1,-1,-1
,-1,-1,-1,-1,-1,-1,-1,-1,-1,-1,-1,-1
,-1,-1,-1,-1,-1,-1,-1,-1,-1,-1,-1,-1
0.768,0,-1,0,-1,0,-1,0,-1,0,-1,0,-1
,-1,-1,-1,-1,-1,-1,-1,-1,-1,-1,-1,-1
,-1,-1,-1,-1,-1,-1,-1,-1,-1,-1,-1,-1
,-1,-1,-1,-1,-1,-1,-1,-1,-1,-1,-1,-1
0.203,-1,-1,-1,-1,-1,0,-1,-1,-1,-1,-1,0
,-1,-1,-1,-1,-1,-1,-1,-1,-1,-1,-1,-1
,-1,-1,-1,-1,-1,-1,-1,-1,-1,-1,-1,-1
,-1,-1,-1,-1,-1,-1,-1,-1,-1,-1,-1,-1
0.473,-1,-1,0,-1,-1,-1,-1,-1,0,-1,-1,-1
,-1,-1,-1,-1,-1,-1,-1,-1,-1,-1,-1,-1
,-1,-1,-1,-1,-1,-1,-1,-1,-1,-1,-1,-1
,-1,-1,-1,-1,-1,-1,-1,-1,-1,-1,-1,-1
0.535,-1,-1,0,0,0,0,-1,-1,0,0,0,0
,-1,-1,-1,-1,-1,-1,-1,-1,-1,-1,-1,-1
,-1,-1,-1,-1,-1,-1,-1,-1,-1,-1,-1,-1
,-1,-1,-1,-1,-1,-1,-1,-1,-1,-1,-1,-1
0.162,-1,0,0,0,-1,0,-1,0,0,0,-1,0
,-1,-1,-1,-1,-1,-1,-1,-1,-1,-1,-1,-1
,-1,-1,-1,-1,-1,-1,-1,-1,-1,-1,-1,-1
,-1,-1,-1,-1,-1,-1,-1,-1,-1,-1,-1,-1
0.162,-1,0,0,-1,0,0,-1,0,0,-1,0,0
,-1,-1,-1,-1,-1,-1,-1,-1,-1,-1,-1,-1
,-1,-1,-1,-1,-1,-1,-1,-1,-1,-1,-1,-1
,-1,-1,-1,-1,-1,-1,-1,-1,-1,-1,-1,-1
0.428,0,-1,-1,-1,-1,-1,0,-1,-1,-1,-1,-1
,-1,-1,-1,-1,-1,-1,-1,-1,-1,-1,-1,-1
,-1,-1,-1,-1,-1,-1,-1,-1,-1,-1,-1,-1
,-1,-1,-1,-1,-1,-1,-1,-1,-1,-1,-1,-1
0.007,-1,0,-1,0,-1,-1,-1,0,-1,0,-1,-1
,-1,-1,-1,-1,-1,-1,-1,-1,-1,-1,-1,-1
,-1,-1,-1,-1,-1,-1,-1,-1,-1,-1,-1,-1
,-1,-1,-1,-1,-1,-1,-1,-1,-1,-1,-1,-1
0.007,-1,0,-1,-1,0,-1,-1,0,-1,-1,0,-1
,-1,-1,-1,-1,-1,-1,-1,-1,-1,-1,-1,-1
,-1,-1,-1,-1,-1,-1,-1,-1,-1,-1,-1,-1
,-1,-1,-1,-1,-1,-1,-1,-1,-1,-1,-1,-1
0.233,0,0,-1,0,-1,-1,0,0,-1,0,-1,-1
,-1,-1,-1,-1,-1,-1,-1,-1,-1,-1,-1,-1
,-1,-1,-1,-1,-1,-1,-1,-1,-1,-1,-1,-1
,-1,-1,-1,-1,-1,-1,-1,-1,-1,-1,-1,-1
0.233,0,0,-1,-1,0,-1,0,0,-1,-1,0,-1
,-1,-1,-1,-1,-1,-1,-1,-1,-1,-1,-1,-1
,-1,-1,-1,-1,-1,-1,-1,-1,-1,-1,-1,-1
,-1,-1,-1,-1,-1,-1,-1,-1,-1,-1,-1,-1
-0.12,-1,-1,-1,0,-1,-1,-1,-1,-1,0,-1,-1
,-1,-1,-1,0,-1,-1,-1,-1,-1,0,-1,-1
,-1,-1,-1,-1,-1,-1,-1,-1,-1,-1,-1,-1
,-1,-1,-1,-1,-1,-1,-1,-1,-1,-1,-1,-1
-0.12,-1,-1,-1,-1,0,-1,-1,-1,-1,-1,0,-1
,-1,-1,-1,-1,0,-1,-1,-1,-1,-1,0,-1
,-1,-1,-1,-1,-1,-1,-1,-1,-1,-1,-1,-1
,-1,-1,-1,-1,-1,-1,-1,-1,-1,-1,-1,-1
-0.008,-1,0,-1,-1,-1,-1,-1,0,-1,-1,-1,-1
,-1,0,-1,-1,-1,-1,-1,0,-1,-1,-1,-1
,-1,-1,-1,-1,-1,-1,-1,-1,-1,-1,-1,-1
,-1,-1,-1,-1,-1,-1,-1,-1,-1,-1,-1,-1
-0.544,0,-1,0,0,0,-1,0,-1,0,0,0,-1
,-1,-1,-1,-1,-1,-1,-1,-1,-1,-1,-1,-1
,-1,-1,-1,-1,-1,-1,-1,-1,-1,-1,-1,-1
,-1,-1,-1,-1,-1,-1,-1,-1,-1,-1,-1,-1
-0.257,-1,-1,0,0,-1,0,-1,-1,0,0,-1,0
,-1,-1,-1,-1,-1,-1,-1,-1,-1,-1,-1,-1
,-1,-1,-1,-1,-1,-1,-1,-1,-1,-1,-1,-1
,-1,-1,-1,-1,-1,-1,-1,-1,-1,-1,-1,-1
-0.257,-1,-1,0,-1,0,0,-1,-1,0,-1,0,0
,-1,-1,-1,-1,-1,-1,-1,-1,-1,-1,-1,-1
,-1,-1,-1,-1,-1,-1,-1,-1,-1,-1,-1,-1
,-1,-1,-1,-1,-1,-1,-1,-1,-1,-1,-1,-1
-0.172,-1,-1,0,0,-1,-1,-1,-1,0,0,-1,-1
,-1,-1,0,0,-1,-1,-1,-1,0,0,-1,-1
,-1,-1,-1,-1,-1,-1,-1,-1,-1,-1,-1,-1
,-1,-1,-1,-1,-1,-1,-1,-1,-1,-1,-1,-1
-0.172,-1,-1,0,-1,0,-1,-1,-1,0,-1,0,-1
,-1,-1,0,-1,0,-1,-1,-1,0,-1,0,-1
,-1,-1,-1,-1,-1,-1,-1,-1,-1,-1,-1,-1
,-1,-1,-1,-1,-1,-1,-1,-1,-1,-1,-1,-1
-0.094,-1,0,0,0,-1,-1,-1,0,0,0,-1,-1
,-1,-1,-1,-1,-1,-1,-1,-1,-1,-1,-1,-1
,-1,-1,-1,-1,-1,-1,-1,-1,-1,-1,-1,-1
,-1,-1,-1,-1,-1,-1,-1,-1,-1,-1,-1,-1
-0.094,-1,0,0,-1,0,-1,-1,0,0,-1,0,-1
,-1,-1,-1,-1,-1,-1,-1,-1,-1,-1,-1,-1
,-1,-1,-1,-1,-1,-1,-1,-1,-1,-1,-1,-1
,-1,-1,-1,-1,-1,-1,-1,-1,-1,-1,-1,-1
-0.003,-1,0,0,-1,-1,-1,-1,0,0,-1,-1,-1
,-1,0,0,-1,-1,-1,-1,0,0,-1,-1,-1
,-1,-1,-1,-1,-1,-1,-1,-1,-1,-1,-1,-1
,-1,-1,-1,-1,-1,-1,-1,-1,-1,-1,-1,-1
-0.012,0,0,-1,-1,-1,-1,0,0,-1,-1,-1,-1
,0,0,-1,-1,-1,-1,0,0,-1,-1,-1,-1
,-1,-1,-1,-1,-1,-1,-1,-1,-1,-1,-1,-1
,-1,-1,-1,-1,-1,-1,-1,-1,-1,-1,-1,-1
-0.012,0,-1,0,-1,-1,-1,0,-1,0,-1,-1,-1
,0,-1,0,-1,-1,-1,0,-1,0,-1,-1,-1
,-1,-1,-1,-1,-1,-1,-1,-1,-1,-1,-1,-1
,-1,-1,-1,-1,-1,-1,-1,-1,-1,-1,-1,-1
-0.199,-1,-1,0,0,0,-1,-1,-1,0,0,0,-1
,-1,-1,-1,-1,-1,-1,-1,-1,-1,-1,-1,-1
,-1,-1,-1,-1,-1,-1,-1,-1,-1,-1,-1,-1
,-1,-1,-1,-1,-1,-1,-1,-1,-1,-1,-1,-1
-0.203,-1,-1,-1,-1,-1,0,-1,-1,-1,-1,-1,0
,-1,-1,-1,-1,-1,0,-1,-1,-1,-1,-1,0
,-1,-1,-1,-1,-1,-1,-1,-1,-1,-1,-1,-1
,-1,-1,-1,-1,-1,-1,-1,-1,-1,-1,-1,-1
-0.881,0,-1,0,-1,-1,-1,0,-1,0,-1,-1,-1
,-1,-1,-1,-1,-1,-1,-1,-1,-1,-1,-1,-1
,-1,-1,-1,-1,-1,-1,-1,-1,-1,-1,-1,-1
,-1,-1,-1,-1,-1,-1,-1,-1,-1,-1,-1,-1
-0.473,-1,-1,0,-1,-1,-1,-1,-1,0,-1,-1,-1
,-1,-1,0,-1,-1,-1,-1,-1,0,-1,-1,-1
,-1,-1,-1,-1,-1,-1,-1,-1,-1,-1,-1,-1
,-1,-1,-1,-1,-1,-1,-1,-1,-1,-1,-1,-1
-0.072,-1,-1,-1,0,-1,0,-1,-1,-1,0,-1,0
,-1,-1,-1,0,-1,0,-1,-1,-1,0,-1,0
,-1,-1,-1,-1,-1,-1,-1,-1,-1,-1,-1,-1
,-1,-1,-1,-1,-1,-1,-1,-1,-1,-1,-1,-1
-0.072,-1,-1,-1,-1,0,0,-1,-1,-1,-1,0,0
,-1,-1,-1,-1,0,0,-1,-1,-1,-1,0,0
,-1,-1,-1,-1,-1,-1,-1,-1,-1,-1,-1,-1
,-1,-1,-1,-1,-1,-1,-1,-1,-1,-1,-1,-1
-0.144,0,0,0,0,-1,-1,0,0,0,0,-1,-1
,-1,-1,-1,-1,-1,-1,-1,-1,-1,-1,-1,-1
,-1,-1,-1,-1,-1,-1,-1,-1,-1,-1,-1,-1
,-1,-1,-1,-1,-1,-1,-1,-1,-1,-1,-1,-1
-0.144,0,0,0,-1,0,-1,0,0,0,-1,0,-1
,-1,-1,-1,-1,-1,-1,-1,-1,-1,-1,-1,-1
,-1,-1,-1,-1,-1,-1,-1,-1,-1,-1,-1,-1
,-1,-1,-1,-1,-1,-1,-1,-1,-1,-1,-1,-1
-0.074,-1,0,-1,0,0,-1,-1,0,-1,0,0,-1
,-1,-1,-1,-1,-1,-1,-1,-1,-1,-1,-1,-1
,-1,-1,-1,-1,-1,-1,-1,-1,-1,-1,-1,-1
,-1,-1,-1,-1,-1,-1,-1,-1,-1,-1,-1,-1
-0.074,-1,0,-1,0,-1,0,-1,0,-1,0,-1,0
,-1,-1,-1,-1,-1,-1,-1,-1,-1,-1,-1,-1
,-1,-1,-1,-1,-1,-1,-1,-1,-1,-1,-1,-1
,-1,-1,-1,-1,-1,-1,-1,-1,-1,-1,-1,-1
-0.074,-1,0,-1,-1,0,0,-1,0,-1,-1,0,0
,-1,-1,-1,-1,-1,-1,-1,-1,-1,-1,-1,-1
,-1,-1,-1,-1,-1,-1,-1,-1,-1,-1,-1,-1
,-1,-1,-1,-1,-1,-1,-1,-1,-1,-1,-1,-1
-0.598,0,-1,0,0,-1,0,0,-1,0,0,-1,0
,-1,-1,-1,-1,-1,-1,-1,-1,-1,-1,-1,-1
,-1,-1,-1,-1,-1,-1,-1,-1,-1,-1,-1,-1
,-1,-1,-1,-1,-1,-1,-1,-1,-1,-1,-1,-1
-0.598,0,-1,0,-1,0,0,0,-1,0,-1,0,0
,-1,-1,-1,-1,-1,-1,-1,-1,-1,-1,-1,-1
,-1,-1,-1,-1,-1,-1,-1,-1,-1,-1,-1,-1
,-1,-1,-1,-1,-1,-1,-1,-1,-1,-1,-1,-1
-0.005,-1,0,-1,0,-1,-1,-1,0,-1,0,-1,-1
,-1,0,-1,0,-1,-1,-1,0,-1,0,-1,-1
,-1,-1,-1,-1,-1,-1,-1,-1,-1,-1,-1,-1
,-1,-1,-1,-1,-1,-1,-1,-1,-1,-1,-1,-1
-0.005,-1,0,-1,-1,0,-1,-1,0,-1,-1,0,-1
,-1,0,-1,-1,0,-1,-1,0,-1,-1,0,-1
,-1,-1,-1,-1,-1,-1,-1,-1,-1,-1,-1,-1
,-1,-1,-1,-1,-1,-1,-1,-1,-1,-1,-1,-1
-0.165,0,0,-1,0,-1,0,0,0,-1,0,-1,0
,-1,-1,-1,-1,-1,-1,-1,-1,-1,-1,-1,-1
,-1,-1,-1,-1,-1,-1,-1,-1,-1,-1,-1,-1
,-1,-1,-1,-1,-1,-1,-1,-1,-1,-1,-1,-1
-0.165,0,0,-1,-1,0,0,0,0,-1,-1,0,0
,-1,-1,-1,-1,-1,-1,-1,-1,-1,-1,-1,-1
,-1,-1,-1,-1,-1,-1,-1,-1,-1,-1,-1,-1
,-1,-1,-1,-1,-1,-1,-1,-1,-1,-1,-1,-1
-0.042,-1,-1,-1,0,-1,0,-1,-1,-1,0,-1,0
,-1,-1,-1,-1,-1,-1,-1,-1,-1,-1,-1,-1
,-1,-1,-1,-1,-1,-1,-1,-1,-1,-1,-1,-1
,-1,-1,-1,-1,-1,-1,-1,-1,-1,-1,-1,-1
-0.042,-1,-1,-1,-1,0,0,-1,-1,-1,-1,0,0
,-1,-1,-1,-1,-1,-1,-1,-1,-1,-1,-1,-1
,-1,-1,-1,-1,-1,-1,-1,-1,-1,-1,-1,-1
,-1,-1,-1,-1,-1,-1,-1,-1,-1,-1,-1,-1
-0.013,-1,-1,-1,0,0,-1,-1,-1,-1,0,0,-1
,-1,-1,-1,0,0,-1,-1,-1,-1,0,0,-1
,-1,-1,-1,-1,-1,-1,-1,-1,-1,-1,-1,-1
,-1,-1,-1,-1,-1,-1,-1,-1,-1,-1,-1,-1
-0.208,-1,-1,0,0,-1,-1,-1,-1,0,0,-1,-1
,-1,-1,-1,-1,-1,-1,-1,-1,-1,-1,-1,-1
,-1,-1,-1,-1,-1,-1,-1,-1,-1,-1,-1,-1
,-1,-1,-1,-1,-1,-1,-1,-1,-1,-1,-1,-1
-0.208,-1,-1,0,-1,0,-1,-1,-1,0,-1,0,-1
,-1,-1,-1,-1,-1,-1,-1,-1,-1,-1,-1,-1
,-1,-1,-1,-1,-1,-1,-1,-1,-1,-1,-1,-1
,-1,-1,-1,-1,-1,-1,-1,-1,-1,-1,-1,-1
-0.209,-1,-1,-1,0,0,0,-1,-1,-1,0,0,0
,-1,-1,-1,-1,-1,-1,-1,-1,-1,-1,-1,-1
,-1,-1,-1,-1,-1,-1,-1,-1,-1,-1,-1,-1
,-1,-1,-1,-1,-1,-1,-1,-1,-1,-1,-1,-1
-0.428,0,-1,-1,-1,-1,-1,0,-1,-1,-1,-1,-1
,0,-1,-1,-1,-1,-1,0,-1,-1,-1,-1,-1
,-1,-1,-1,-1,-1,-1,-1,-1,-1,-1,-1,-1
,-1,-1,-1,-1,-1,-1,-1,-1,-1,-1,-1,-1
-0.11,0,0,-1,0,0,-1,0,0,-1,0,0,-1
,-1,-1,-1,-1,-1,-1,-1,-1,-1,-1,-1,-1
,-1,-1,-1,-1,-1,-1,-1,-1,-1,-1,-1,-1
,-1,-1,-1,-1,-1,-1,-1,-1,-1,-1,-1,-1
-0.229,0,0,-1,-1,-1,-1,0,0,-1,-1,-1,-1
,-1,-1,-1,-1,-1,-1,-1,-1,-1,-1,-1,-1
,-1,-1,-1,-1,-1,-1,-1,-1,-1,-1,-1,-1
,-1,-1,-1,-1,-1,-1,-1,-1,-1,-1,-1,-1
0.569,-1,-1,0,-1,-1,-1,-1,-1,0,-1,-1,-1
,-1,-1,0,0,-1,-1,-1,-1,0,0,-1,-1
,-1,-1,-1,-1,-1,-1,-1,-1,-1,-1,-1,-1
,-1,-1,-1,-1,-1,-1,-1,-1,-1,-1,-1,-1
0.569,-1,-1,0,-1,-1,-1,-1,-1,0,-1,-1,-1
,-1,-1,0,-1,0,-1,-1,-1,0,-1,0,-1
,-1,-1,-1,-1,-1,-1,-1,-1,-1,-1,-1,-1
,-1,-1,-1,-1,-1,-1,-1,-1,-1,-1,-1,-1
0.355,-1,-1,0,-1,-1,-1,-1,-1,0,-1,-1,-1
,-1,-1,-1,-1,-1,0,-1,-1,-1,-1,-1,0
,-1,-1,-1,-1,-1,0,-1,-1,-1,-1,-1,0
,-1,-1,-1,-1,-1,-1,-1,-1,-1,-1,-1,-1
0.059,0,0,-1,-1,-1,-1,0,0,-1,-1,-1,-1
,-1,-1,-1,0,-1,0,-1,-1,-1,0,-1,0
,-1,-1,-1,-1,-1,-1,-1,-1,-1,-1,-1,-1
,-1,-1,-1,-1,-1,-1,-1,-1,-1,-1,-1,-1
0.059,0,0,-1,-1,-1,-1,0,0,-1,-1,-1,-1
,-1,-1,-1,-1,0,0,-1,-1,-1,-1,0,0
,-1,-1,-1,-1,-1,-1,-1,-1,-1,-1,-1,-1
,-1,-1,-1,-1,-1,-1,-1,-1,-1,-1,-1,-1
0.015,0,0,-1,-1,-1,-1,0,0,-1,-1,-1,-1
,-1,0,-1,0,-1,-1,-1,0,-1,0,-1,-1
,-1,-1,-1,-1,-1,-1,-1,-1,-1,-1,-1,-1
,-1,-1,-1,-1,-1,-1,-1,-1,-1,-1,-1,-1
0.015,0,0,-1,-1,-1,-1,0,0,-1,-1,-1,-1
,-1,0,-1,-1,0,-1,-1,0,-1,-1,0,-1
,-1,-1,-1,-1,-1,-1,-1,-1,-1,-1,-1,-1
,-1,-1,-1,-1,-1,-1,-1,-1,-1,-1,-1,-1
0.015,0,-1,0,-1,-1,-1,0,-1,0,-1,-1,-1
,-1,0,-1,0,-1,-1,-1,0,-1,0,-1,-1
,-1,-1,-1,-1,-1,-1,-1,-1,-1,-1,-1,-1
,-1,-1,-1,-1,-1,-1,-1,-1,-1,-1,-1,-1
0.015,0,-1,0,-1,-1,-1,0,-1,0,-1,-1,-1
,-1,0,-1,-1,0,-1,-1,0,-1,-1,0,-1
,-1,-1,-1,-1,-1,-1,-1,-1,-1,-1,-1,-1
,-1,-1,-1,-1,-1,-1,-1,-1,-1,-1,-1,-1
0.06,0,-1,0,-1,-1,-1,0,-1,0,-1,-1,-1
,-1,-1,-1,0,-1,0,-1,-1,-1,0,-1,0
,-1,-1,-1,-1,-1,-1,-1,-1,-1,-1,-1,-1
,-1,-1,-1,-1,-1,-1,-1,-1,-1,-1,-1,-1
0.06,0,-1,0,-1,-1,-1,0,-1,0,-1,-1,-1
,-1,-1,-1,-1,0,0,-1,-1,-1,-1,0,0
,-1,-1,-1,-1,-1,-1,-1,-1,-1,-1,-1,-1
,-1,-1,-1,-1,-1,-1,-1,-1,-1,-1,-1,-1
0.061,-1,0,-1,0,-1,-1,-1,0,-1,0,-1,-1
,-1,-1,-1,-1,-1,0,-1,-1,-1,-1,-1,0
,-1,-1,-1,-1,-1,-1,-1,-1,-1,-1,-1,-1
,-1,-1,-1,-1,-1,-1,-1,-1,-1,-1,-1,-1
0.061,-1,0,-1,-1,0,-1,-1,0,-1,-1,0,-1
,-1,-1,-1,-1,-1,0,-1,-1,-1,-1,-1,0
,-1,-1,-1,-1,-1,-1,-1,-1,-1,-1,-1,-1
,-1,-1,-1,-1,-1,-1,-1,-1,-1,-1,-1,-1
0.001,0,-1,-1,-1,-1,-1,0,-1,-1,-1,-1,-1
,0,-1,0,0,-1,-1,0,-1,0,0,-1,-1
,-1,-1,-1,-1,-1,-1,-1,-1,-1,-1,-1,-1
,-1,-1,-1,-1,-1,-1,-1,-1,-1,-1,-1,-1
0.001,0,-1,-1,-1,-1,-1,0,-1,-1,-1,-1,-1
,0,-1,0,-1,0,-1,0,-1,0,-1,0,-1
,-1,-1,-1,-1,-1,-1,-1,-1,-1,-1,-1,-1
,-1,-1,-1,-1,-1,-1,-1,-1,-1,-1,-1,-1
0.001,0,-1,0,-1,-1,-1,0,-1,0,-1,-1,-1
,-1,-1,-1,-1,-1,0,-1,-1,-1,-1,-1,0
,-1,-1,-1,-1,-1,0,-1,-1,-1,-1,-1,0
,-1,-1,-1,-1,-1,-1,-1,-1,-1,-1,-1,-1
0.001,0,-1,0,0,-1,-1,0,-1,0,0,-1,-1
,-1,0,-1,-1,-1,-1,-1,0,-1,-1,-1,-1
,-1,-1,-1,-1,-1,-1,-1,-1,-1,-1,-1,-1
,-1,-1,-1,-1,-1,-1,-1,-1,-1,-1,-1,-1
0.001,0,-1,0,0,-1,-1,0,-1,0,0,-1,-1
,-1,-1,-1,0,-1,-1,-1,-1,-1,0,-1,-1
,-1,-1,-1,-1,-1,-1,-1,-1,-1,-1,-1,-1
,-1,-1,-1,-1,-1,-1,-1,-1,-1,-1,-1,-1
0.001,0,-1,0,0,-1,-1,0,-1,0,0,-1,-1
,-1,-1,-1,-1,0,-1,-1,-1,-1,-1,0,-1
,-1,-1,-1,-1,-1,-1,-1,-1,-1,-1,-1,-1
,-1,-1,-1,-1,-1,-1,-1,-1,-1,-1,-1,-1
0.001,0,-1,0,0,-1,-1,0,-1,0,0,-1,-1
,-1,-1,-1,-1,-1,0,-1,-1,-1,-1,-1,0
,-1,-1,-1,-1,-1,-1,-1,-1,-1,-1,-1,-1
,-1,-1,-1,-1,-1,-1,-1,-1,-1,-1,-1,-1
0.001,0,-1,0,-1,0,-1,0,-1,0,-1,0,-1
,-1,0,-1,-1,-1,-1,-1,0,-1,-1,-1,-1
,-1,-1,-1,-1,-1,-1,-1,-1,-1,-1,-1,-1
,-1,-1,-1,-1,-1,-1,-1,-1,-1,-1,-1,-1
0.001,0,-1,0,-1,0,-1,0,-1,0,-1,0,-1
,-1,-1,-1,0,-1,-1,-1,-1,-1,0,-1,-1
,-1,-1,-1,-1,-1,-1,-1,-1,-1,-1,-1,-1
,-1,-1,-1,-1,-1,-1,-1,-1,-1,-1,-1,-1
0.001,0,-1,0,-1,0,-1,0,-1,0,-1,0,-1
,-1,-1,-1,-1,0,-1,-1,-1,-1,-1,0,-1
,-1,-1,-1,-1,-1,-1,-1,-1,-1,-1,-1,-1
,-1,-1,-1,-1,-1,-1,-1,-1,-1,-1,-1,-1
0.001,0,-1,0,-1,0,-1,0,-1,0,-1,0,-1
,-1,-1,-1,-1,-1,0,-1,-1,-1,-1,-1,0
,-1,-1,-1,-1,-1,-1,-1,-1,-1,-1,-1,-1
,-1,-1,-1,-1,-1,-1,-1,-1,-1,-1,-1,-1
0.001,-1,-1,0,-1,-1,-1,-1,-1,0,-1,-1,-1
,-1,-1,0,0,0,-1,-1,-1,0,0,0,-1
,-1,-1,-1,-1,-1,-1,-1,-1,-1,-1,-1,-1
,-1,-1,-1,-1,-1,-1,-1,-1,-1,-1,-1,-1
0.001,-1,-1,0,-1,-1,-1,-1,-1,0,-1,-1,-1
,-1,-1,0,0,-1,0,-1,-1,0,0,-1,0
,-1,-1,-1,-1,-1,-1,-1,-1,-1,-1,-1,-1
,-1,-1,-1,-1,-1,-1,-1,-1,-1,-1,-1,-1
0.001,-1,-1,0,-1,-1,-1,-1,-1,0,-1,-1,-1
,-1,-1,0,-1,0,0,-1,-1,0,-1,0,0
,-1,-1,-1,-1,-1,-1,-1,-1,-1,-1,-1,-1
,-1,-1,-1,-1,-1,-1,-1,-1,-1,-1,-1,-1
0.001,-1,-1,0,-1,-1,-1,-1,-1,0,-1,-1,-1
,-1,-1,-1,0,0,0,-1,-1,-1,0,0,0
,-1,-1,-1,-1,-1,-1,-1,-1,-1,-1,-1,-1
,-1,-1,-1,-1,-1,-1,-1,-1,-1,-1,-1,-1
0.001,0,-1,-1,-1,-1,-1,0,-1,-1,-1,-1,-1
,0,-1,-1,-1,-1,-1,0,-1,-1,-1,-1,-1
,-1,-1,-1,0,0,-1,-1,-1,-1,0,0,-1
,-1,-1,-1,-1,-1,-1,-1,-1,-1,-1,-1,-1
0.001,0,-1,-1,-1,-1,-1,0,-1,-1,-1,-1,-1
,0,-1,-1,-1,-1,-1,0,-1,-1,-1,-1,-1
,-1,-1,-1,0,-1,0,-1,-1,-1,0,-1,0
,-1,-1,-1,-1,-1,-1,-1,-1,-1,-1,-1,-1
0.001,0,-1,-1,-1,-1,-1,0,-1,-1,-1,-1,-1
,0,-1,-1,-1,-1,-1,0,-1,-1,-1,-1,-1
,-1,-1,-1,-1,0,0,-1,-1,-1,-1,0,0
,-1,-1,-1,-1,-1,-1,-1,-1,-1,-1,-1,-1
0.016,-1,0,-1,-1,-1,-1,-1,0,-1,-1,-1,-1
,-1,0,-1,-1,-1,-1,-1,0,-1,-1,-1,-1
,-1,-1,-1,-1,-1,0,-1,-1,-1,-1,-1,0
,-1,-1,-1,-1,-1,-1,-1,-1,-1,-1,-1,-1
0.241,-1,-1,-1,0,-1,0,-1,-1,-1,0,-1,0
,-1,-1,-1,-1,-1,0,-1,-1,-1,-1,-1,0
,-1,-1,-1,-1,-1,-1,-1,-1,-1,-1,-1,-1
,-1,-1,-1,-1,-1,-1,-1,-1,-1,-1,-1,-1
0.241,-1,-1,-1,-1,0,0,-1,-1,-1,-1,0,0
,-1,-1,-1,-1,-1,0,-1,-1,-1,-1,-1,0
,-1,-1,-1,-1,-1,-1,-1,-1,-1,-1,-1,-1
,-1,-1,-1,-1,-1,-1,-1,-1,-1,-1,-1,-1
0.486,0,-1,-1,-1,-1,-1,0,-1,-1,-1,-1,-1
,-1,-1,-1,0,0,-1,-1,-1,-1,0,0,-1
,-1,-1,-1,-1,-1,-1,-1,-1,-1,-1,-1,-1
,-1,-1,-1,-1,-1,-1,-1,-1,-1,-1,-1,-1
0.176,0,0,-1,-1,-1,-1,0,0,-1,-1,-1,-1
,-1,-1,-1,-1,-1,0,-1,-1,-1,-1,-1,0
,-1,-1,-1,-1,-1,-1,-1,-1,-1,-1,-1,-1
,-1,-1,-1,-1,-1,-1,-1,-1,-1,-1,-1,-1
0.712,0,-1,0,-1,-1,-1,0,-1,0,-1,-1,-1
,-1,-1,-1,-1,-1,0,-1,-1,-1,-1,-1,0
,-1,-1,-1,-1,-1,-1,-1,-1,-1,-1,-1,-1
,-1,-1,-1,-1,-1,-1,-1,-1,-1,-1,-1,-1
0.092,0,0,-1,-1,-1,-1,0,0,-1,-1,-1,-1
,-1,-1,0,0,-1,-1,-1,-1,0,0,-1,-1
,-1,-1,-1,-1,-1,-1,-1,-1,-1,-1,-1,-1
,-1,-1,-1,-1,-1,-1,-1,-1,-1,-1,-1,-1
0.092,0,0,-1,-1,-1,-1,0,0,-1,-1,-1,-1
,-1,-1,0,-1,0,-1,-1,-1,0,-1,0,-1
,-1,-1,-1,-1,-1,-1,-1,-1,-1,-1,-1,-1
,-1,-1,-1,-1,-1,-1,-1,-1,-1,-1,-1,-1
0.092,0,-1,0,-1,-1,-1,0,-1,0,-1,-1,-1
,-1,-1,0,0,-1,-1,-1,-1,0,0,-1,-1
,-1,-1,-1,-1,-1,-1,-1,-1,-1,-1,-1,-1
,-1,-1,-1,-1,-1,-1,-1,-1,-1,-1,-1,-1
0.092,0,-1,0,-1,-1,-1,0,-1,0,-1,-1,-1
,-1,-1,0,-1,0,-1,-1,-1,0,-1,0,-1
,-1,-1,-1,-1,-1,-1,-1,-1,-1,-1,-1,-1
,-1,-1,-1,-1,-1,-1,-1,-1,-1,-1,-1,-1
0.092,-1,0,-1,0,-1,-1,-1,0,-1,0,-1,-1
,-1,-1,0,-1,-1,-1,-1,-1,0,-1,-1,-1
,-1,-1,-1,-1,-1,-1,-1,-1,-1,-1,-1,-1
,-1,-1,-1,-1,-1,-1,-1,-1,-1,-1,-1,-1
0.092,-1,0,-1,-1,0,-1,-1,0,-1,-1,0,-1
,-1,-1,0,-1,-1,-1,-1,-1,0,-1,-1,-1
,-1,-1,-1,-1,-1,-1,-1,-1,-1,-1,-1,-1
,-1,-1,-1,-1,-1,-1,-1,-1,-1,-1,-1,-1
0.368,-1,-1,0,-1,-1,-1,-1,-1,0,-1,-1,-1
,-1,-1,-1,0,-1,0,-1,-1,-1,0,-1,0
,-1,-1,-1,-1,-1,-1,-1,-1,-1,-1,-1,-1
,-1,-1,-1,-1,-1,-1,-1,-1,-1,-1,-1,-1
0.368,-1,-1,0,-1,-1,-1,-1,-1,0,-1,-1,-1
,-1,-1,-1,-1,0,0,-1,-1,-1,-1,0,0
,-1,-1,-1,-1,-1,-1,-1,-1,-1,-1,-1,-1
,-1,-1,-1,-1,-1,-1,-1,-1,-1,-1,-1,-1
0.186,-1,-1,-1,0,-1,-1,-1,-1,-1,0,-1,-1
,-1,-1,-1,0,-1,0,-1,-1,-1,0,-1,0
,-1,-1,-1,-1,-1,-1,-1,-1,-1,-1,-1,-1
,-1,-1,-1,-1,-1,-1,-1,-1,-1,-1,-1,-1
0.186,-1,-1,-1,0,-1,-1,-1,-1,-1,0,-1,-1
,-1,-1,-1,-1,0,0,-1,-1,-1,-1,0,0
,-1,-1,-1,-1,-1,-1,-1,-1,-1,-1,-1,-1
,-1,-1,-1,-1,-1,-1,-1,-1,-1,-1,-1,-1
0.186,-1,-1,-1,0,-1,0,-1,-1,-1,0,-1,0
,-1,-1,-1,-1,0,-1,-1,-1,-1,-1,0,-1
,-1,-1,-1,-1,-1,-1,-1,-1,-1,-1,-1,-1
,-1,-1,-1,-1,-1,-1,-1,-1,-1,-1,-1,-1
0.186,-1,-1,-1,-1,0,-1,-1,-1,-1,-1,0,-1
,-1,-1,-1,-1,0,0,-1,-1,-1,-1,0,0
,-1,-1,-1,-1,-1,-1,-1,-1,-1,-1,-1,-1
,-1,-1,-1,-1,-1,-1,-1,-1,-1,-1,-1,-1
0.374,-1,-1,0,0,-1,-1,-1,-1,0,0,-1,-1
,-1,-1,-1,-1,-1,0,-1,-1,-1,-1,-1,0
,-1,-1,-1,-1,-1,-1,-1,-1,-1,-1,-1,-1
,-1,-1,-1,-1,-1,-1,-1,-1,-1,-1,-1,-1
0.374,-1,-1,0,-1,0,-1,-1,-1,0,-1,0,-1
,-1,-1,-1,-1,-1,0,-1,-1,-1,-1,-1,0
,-1,-1,-1,-1,-1,-1,-1,-1,-1,-1,-1,-1
,-1,-1,-1,-1,-1,-1,-1,-1,-1,-1,-1,-1
0.047,-1,0,-1,-1,-1,-1,-1,0,-1,-1,-1,-1
,-1,-1,-1,0,-1,0,-1,-1,-1,0,-1,0
,-1,-1,-1,-1,-1,-1,-1,-1,-1,-1,-1,-1
,-1,-1,-1,-1,-1,-1,-1,-1,-1,-1,-1,-1
0.047,-1,0,-1,-1,-1,-1,-1,0,-1,-1,-1,-1
,-1,-1,-1,-1,0,0,-1,-1,-1,-1,0,0
,-1,-1,-1,-1,-1,-1,-1,-1,-1,-1,-1,-1
,-1,-1,-1,-1,-1,-1,-1,-1,-1,-1,-1,-1
0.047,-1,0,-1,0,-1,-1,-1,0,-1,0,-1,-1
,-1,-1,-1,0,-1,-1,-1,-1,-1,0,-1,-1
,-1,-1,-1,-1,-1,-1,-1,-1,-1,-1,-1,-1
,-1,-1,-1,-1,-1,-1,-1,-1,-1,-1,-1,-1
0.047,-1,0,-1,0,-1,-1,-1,0,-1,0,-1,-1
,-1,-1,-1,-1,0,-1,-1,-1,-1,-1,0,-1
,-1,-1,-1,-1,-1,-1,-1,-1,-1,-1,-1,-1
,-1,-1,-1,-1,-1,-1,-1,-1,-1,-1,-1,-1
0.047,-1,0,-1,-1,0,-1,-1,0,-1,-1,0,-1
,-1,-1,-1,0,-1,-1,-1,-1,-1,0,-1,-1
,-1,-1,-1,-1,-1,-1,-1,-1,-1,-1,-1,-1
,-1,-1,-1,-1,-1,-1,-1,-1,-1,-1,-1,-1
0.047,-1,0,-1,-1,0,-1,-1,0,-1,-1,0,-1
,-1,-1,-1,-1,0,-1,-1,-1,-1,-1,0,-1
,-1,-1,-1,-1,-1,-1,-1,-1,-1,-1,-1,-1
,-1,-1,-1,-1,-1,-1,-1,-1,-1,-1,-1,-1
0.012,-1,0,-1,-1,-1,-1,-1,0,-1,-1,-1,-1
,-1,0,-1,0,-1,-1,-1,0,-1,0,-1,-1
,-1,-1,-1,-1,-1,-1,-1,-1,-1,-1,-1,-1
,-1,-1,-1,-1,-1,-1,-1,-1,-1,-1,-1,-1
0.012,-1,0,-1,-1,-1,-1,-1,0,-1,-1,-1,-1
,-1,0,-1,-1,0,-1,-1,0,-1,-1,0,-1
,-1,-1,-1,-1,-1,-1,-1,-1,-1,-1,-1,-1
,-1,-1,-1,-1,-1,-1,-1,-1,-1,-1,-1,-1
0.392,0,-1,-1,-1,-1,-1,0,-1,-1,-1,-1,-1
,-1,-1,-1,0,-1,0,-1,-1,-1,0,-1,0
,-1,-1,-1,-1,-1,-1,-1,-1,-1,-1,-1,-1
,-1,-1,-1,-1,-1,-1,-1,-1,-1,-1,-1,-1
0.392,0,-1,-1,-1,-1,-1,0,-1,-1,-1,-1,-1
,-1,-1,-1,-1,0,0,-1,-1,-1,-1,0,0
,-1,-1,-1,-1,-1,-1,-1,-1,-1,-1,-1,-1
,-1,-1,-1,-1,-1,-1,-1,-1,-1,-1,-1,-1
0.541,-1,-1,0,-1,-1,-1,-1,-1,0,-1,-1,-1
,-1,-1,0,-1,-1,-1,-1,-1,0,-1,-1,-1
,-1,-1,-1,-1,-1,0,-1,-1,-1,-1,-1,0
,-1,-1,-1,-1,-1,-1,-1,-1,-1,-1,-1,-1
0.287,-1,-1,0,0,-1,-1,-1,-1,0,0,-1,-1
,-1,-1,-1,0,-1,-1,-1,-1,-1,0,-1,-1
,-1,-1,-1,-1,-1,-1,-1,-1,-1,-1,-1,-1
,-1,-1,-1,-1,-1,-1,-1,-1,-1,-1,-1,-1
0.287,-1,-1,0,0,-1,-1,-1,-1,0,0,-1,-1
,-1,-1,-1,-1,0,-1,-1,-1,-1,-1,0,-1
,-1,-1,-1,-1,-1,-1,-1,-1,-1,-1,-1,-1
,-1,-1,-1,-1,-1,-1,-1,-1,-1,-1,-1,-1
0.287,-1,-1,0,-1,0,-1,-1,-1,0,-1,0,-1
,-1,-1,-1,0,-1,-1,-1,-1,-1,0,-1,-1
,-1,-1,-1,-1,-1,-1,-1,-1,-1,-1,-1,-1
,-1,-1,-1,-1,-1,-1,-1,-1,-1,-1,-1,-1
0.287,-1,-1,0,-1,0,-1,-1,-1,0,-1,0,-1
,-1,-1,-1,-1,0,-1,-1,-1,-1,-1,0,-1
,-1,-1,-1,-1,-1,-1,-1,-1,-1,-1,-1,-1
,-1,-1,-1,-1,-1,-1,-1,-1,-1,-1,-1,-1
0.145,0,-1,-1,-1,-1,-1,0,-1,-1,-1,-1,-1
,0,0,-1,-1,-1,-1,0,0,-1,-1,-1,-1
,-1,-1,-1,-1,-1,-1,-1,-1,-1,-1,-1,-1
,-1,-1,-1,-1,-1,-1,-1,-1,-1,-1,-1,-1
0.145,0,-1,-1,-1,-1,-1,0,-1,-1,-1,-1,-1
,0,-1,0,-1,-1,-1,0,-1,0,-1,-1,-1
,-1,-1,-1,-1,-1,-1,-1,-1,-1,-1,-1,-1
,-1,-1,-1,-1,-1,-1,-1,-1,-1,-1,-1,-1
0.073,-1,0,-1,-1,-1,-1,-1,0,-1,-1,-1,-1
,-1,-1,0,0,-1,-1,-1,-1,0,0,-1,-1
,-1,-1,-1,-1,-1,-1,-1,-1,-1,-1,-1,-1
,-1,-1,-1,-1,-1,-1,-1,-1,-1,-1,-1,-1
0.073,-1,0,-1,-1,-1,-1,-1,0,-1,-1,-1,-1
,-1,-1,0,-1,0,-1,-1,-1,0,-1,0,-1
,-1,-1,-1,-1,-1,-1,-1,-1,-1,-1,-1,-1
,-1,-1,-1,-1,-1,-1,-1,-1,-1,-1,-1,-1
0.159,-1,-1,0,-1,-1,-1,-1,-1,0,-1,-1,-1
,-1,-1,-1,0,0,-1,-1,-1,-1,0,0,-1
,-1,-1,-1,-1,-1,-1,-1,-1,-1,-1,-1,-1
,-1,-1,-1,-1,-1,-1,-1,-1,-1,-1,-1,-1
0.01,-1,0,-1,-1,-1,-1,-1,0,-1,-1,-1,-1
,-1,0,0,-1,-1,-1,-1,0,0,-1,-1,-1
,-1,-1,-1,-1,-1,-1,-1,-1,-1,-1,-1,-1
,-1,-1,-1,-1,-1,-1,-1,-1,-1,-1,-1,-1
0.08,-1,0,0,-1,-1,-1,-1,0,0,-1,-1,-1
,-1,-1,0,-1,-1,-1,-1,-1,0,-1,-1,-1
,-1,-1,-1,-1,-1,-1,-1,-1,-1,-1,-1,-1
,-1,-1,-1,-1,-1,-1,-1,-1,-1,-1,-1,-1
0.081,-1,-1,-1,0,-1,-1,-1,-1,-1,0,-1,-1
,-1,-1,-1,0,0,-1,-1,-1,-1,0,0,-1
,-1,-1,-1,-1,-1,-1,-1,-1,-1,-1,-1,-1
,-1,-1,-1,-1,-1,-1,-1,-1,-1,-1,-1,-1
0.081,-1,-1,-1,0,0,-1,-1,-1,-1,0,0,-1
,-1,-1,-1,-1,0,-1,-1,-1,-1,-1,0,-1
,-1,-1,-1,-1,-1,-1,-1,-1,-1,-1,-1,-1
,-1,-1,-1,-1,-1,-1,-1,-1,-1,-1,-1,-1
0.041,-1,0,0,-1,-1,-1,-1,0,0,-1,-1,-1
,-1,-1,-1,0,-1,-1,-1,-1,-1,0,-1,-1
,-1,-1,-1,-1,-1,-1,-1,-1,-1,-1,-1,-1
,-1,-1,-1,-1,-1,-1,-1,-1,-1,-1,-1,-1
0.041,-1,0,0,-1,-1,-1,-1,0,0,-1,-1,-1
,-1,-1,-1,-1,0,-1,-1,-1,-1,-1,0,-1
,-1,-1,-1,-1,-1,-1,-1,-1,-1,-1,-1,-1
,-1,-1,-1,-1,-1,-1,-1,-1,-1,-1,-1,-1
0.021,-1,0,-1,-1,-1,-1,-1,0,-1,-1,-1,-1
,-1,-1,-1,0,0,-1,-1,-1,-1,0,0,-1
,-1,-1,-1,-1,-1,-1,-1,-1,-1,-1,-1,-1
,-1,-1,-1,-1,-1,-1,-1,-1,-1,-1,-1,-1
0.084,-1,0,-1,-1,-1,-1,-1,0,-1,-1,-1,-1
,-1,-1,-1,-1,-1,0,-1,-1,-1,-1,-1,0
,-1,-1,-1,-1,-1,0,-1,-1,-1,-1,-1,0
,-1,-1,-1,-1,-1,-1,-1,-1,-1,-1,-1,-1
0.409,0,-1,-1,-1,-1,-1,0,-1,-1,-1,-1,-1
,0,-1,-1,-1,-1,-1,0,-1,-1,-1,-1,-1
,-1,-1,-1,0,-1,-1,-1,-1,-1,0,-1,-1
,-1,-1,-1,-1,-1,-1,-1,-1,-1,-1,-1,-1
0.409,0,-1,-1,-1,-1,-1,0,-1,-1,-1,-1,-1
,0,-1,-1,-1,-1,-1,0,-1,-1,-1,-1,-1
,-1,-1,-1,-1,0,-1,-1,-1,-1,-1,0,-1
,-1,-1,-1,-1,-1,-1,-1,-1,-1,-1,-1,-1
0.013,0,0,-1,-1,-1,-1,0,0,-1,-1,-1,-1
,-1,0,0,-1,-1,-1,-1,0,0,-1,-1,-1
,-1,-1,-1,-1,-1,-1,-1,-1,-1,-1,-1,-1
,-1,-1,-1,-1,-1,-1,-1,-1,-1,-1,-1,-1
0.013,0,-1,0,-1,-1,-1,0,-1,0,-1,-1,-1
,-1,0,0,-1,-1,-1,-1,0,0,-1,-1,-1
,-1,-1,-1,-1,-1,-1,-1,-1,-1,-1,-1,-1
,-1,-1,-1,-1,-1,-1,-1,-1,-1,-1,-1,-1
0.026,0,0,-1,-1,-1,-1,0,0,-1,-1,-1,-1
,-1,-1,-1,0,0,-1,-1,-1,-1,0,0,-1
,-1,-1,-1,-1,-1,-1,-1,-1,-1,-1,-1,-1
,-1,-1,-1,-1,-1,-1,-1,-1,-1,-1,-1,-1
0.026,0,-1,0,-1,-1,-1,0,-1,0,-1,-1,-1
,-1,-1,-1,0,0,-1,-1,-1,-1,0,0,-1
,-1,-1,-1,-1,-1,-1,-1,-1,-1,-1,-1,-1
,-1,-1,-1,-1,-1,-1,-1,-1,-1,-1,-1,-1
0.105,-1,-1,-1,0,0,-1,-1,-1,-1,0,0,-1
,-1,-1,-1,-1,-1,0,-1,-1,-1,-1,-1,0
,-1,-1,-1,-1,-1,-1,-1,-1,-1,-1,-1,-1
,-1,-1,-1,-1,-1,-1,-1,-1,-1,-1,-1,-1
0.902,0,-1,-1,-1,-1,-1,0,-1,-1,-1,-1,-1
,-1,-1,0,-1,-1,-1,-1,-1,0,-1,-1,-1
,-1,-1,-1,-1,-1,-1,-1,-1,-1,-1,-1,-1
,-1,-1,-1,-1,-1,-1,-1,-1,-1,-1,-1,-1
0.461,0,-1,-1,-1,-1,-1,0,-1,-1,-1,-1,-1
,0,-1,-1,-1,-1,-1,0,-1,-1,-1,-1,-1
,-1,-1,-1,-1,-1,0,-1,-1,-1,-1,-1,0
,-1,-1,-1,-1,-1,-1,-1,-1,-1,-1,-1,-1
0.116,0,-1,-1,-1,-1,-1,0,-1,-1,-1,-1,-1
,-1,0,-1,-1,-1,-1,-1,0,-1,-1,-1,-1
,-1,-1,-1,-1,-1,-1,-1,-1,-1,-1,-1,-1
,-1,-1,-1,-1,-1,-1,-1,-1,-1,-1,-1,-1
-0.121,-1,0,-1,-1,-1,-1,-1,0,-1,-1,-1,-1
,-1,-1,0,-1,-1,-1,-1,-1,0,-1,-1,-1
,-1,-1,-1,-1,-1,-1,-1,-1,-1,-1,-1,-1
,-1,-1,-1,-1,-1,-1,-1,-1,-1,-1,-1,-1
-0.061,-1,0,-1,-1,-1,-1,-1,0,-1,-1,-1,-1
,-1,-1,-1,0,-1,-1,-1,-1,-1,0,-1,-1
,-1,-1,-1,-1,-1,-1,-1,-1,-1,-1,-1,-1
,-1,-1,-1,-1,-1,-1,-1,-1,-1,-1,-1,-1
-0.061,-1,0,-1,-1,-1,-1,-1,0,-1,-1,-1,-1
,-1,-1,-1,-1,0,-1,-1,-1,-1,-1,0,-1
,-1,-1,-1,-1,-1,-1,-1,-1,-1,-1,-1,-1
,-1,-1,-1,-1,-1,-1,-1,-1,-1,-1,-1,-1
-0.031,-1,0,0,-1,-1,-1,-1,0,0,-1,-1,-1
,-1,-1,-1,0,-1,0,-1,-1,-1,0,-1,0
,-1,-1,-1,-1,-1,-1,-1,-1,-1,-1,-1,-1
,-1,-1,-1,-1,-1,-1,-1,-1,-1,-1,-1,-1
-0.031,-1,0,0,-1,-1,-1,-1,0,0,-1,-1,-1
,-1,-1,-1,-1,0,0,-1,-1,-1,-1,0,0
,-1,-1,-1,-1,-1,-1,-1,-1,-1,-1,-1,-1
,-1,-1,-1,-1,-1,-1,-1,-1,-1,-1,-1,-1
-0.062,-1,-1,-1,0,0,-1,-1,-1,-1,0,0,-1
,-1,-1,-1,0,-1,0,-1,-1,-1,0,-1,0
,-1,-1,-1,-1,-1,-1,-1,-1,-1,-1,-1,-1
,-1,-1,-1,-1,-1,-1,-1,-1,-1,-1,-1,-1
-0.062,-1,-1,-1,0,0,-1,-1,-1,-1,0,0,-1
,-1,-1,-1,-1,0,0,-1,-1,-1,-1,0,0
,-1,-1,-1,-1,-1,-1,-1,-1,-1,-1,-1,-1
,-1,-1,-1,-1,-1,-1,-1,-1,-1,-1,-1,-1
-0.124,0,-1,-1,-1,-1,-1,0,-1,-1,-1,-1,-1
,0,-1,-1,-1,-1,-1,0,-1,-1,-1,-1,-1
,-1,-1,-1,-1,-1,0,-1,-1,-1,-1,-1,0
,-1,-1,-1,-1,-1,0,-1,-1,-1,-1,-1,0
-0.001,0,-1,-1,-1,-1,-1,0,-1,-1,-1,-1,-1
,-1,0,0,0,-1,-1,-1,0,0,0,-1,-1
,-1,-1,-1,-1,-1,-1,-1,-1,-1,-1,-1,-1
,-1,-1,-1,-1,-1,-1,-1,-1,-1,-1,-1,-1
-0.001,0,-1,-1,-1,-1,-1,0,-1,-1,-1,-1,-1
,-1,0,0,-1,0,-1,-1,0,0,-1,0,-1
,-1,-1,-1,-1,-1,-1,-1,-1,-1,-1,-1,-1
,-1,-1,-1,-1,-1,-1,-1,-1,-1,-1,-1,-1
-0.001,0,-1,-1,-1,-1,-1,0,-1,-1,-1,-1,-1
,-1,-1,0,0,0,-1,-1,-1,0,0,0,-1
,-1,-1,-1,-1,-1,-1,-1,-1,-1,-1,-1,-1
,-1,-1,-1,-1,-1,-1,-1,-1,-1,-1,-1,-1
-0.001,0,-1,-1,-1,-1,-1,0,-1,-1,-1,-1,-1
,-1,-1,0,0,-1,0,-1,-1,0,0,-1,0
,-1,-1,-1,-1,-1,-1,-1,-1,-1,-1,-1,-1
,-1,-1,-1,-1,-1,-1,-1,-1,-1,-1,-1,-1
-0.001,0,-1,-1,-1,-1,-1,0,-1,-1,-1,-1,-1
,-1,-1,0,-1,0,0,-1,-1,0,-1,0,0
,-1,-1,-1,-1,-1,-1,-1,-1,-1,-1,-1,-1
,-1,-1,-1,-1,-1,-1,-1,-1,-1,-1,-1,-1
-0.008,-1,0,0,-1,-1,-1,-1,0,0,-1,-1,-1
,-1,0,-1,0,-1,-1,-1,0,-1,0,-1,-1
,-1,-1,-1,-1,-1,-1,-1,-1,-1,-1,-1,-1
,-1,-1,-1,-1,-1,-1,-1,-1,-1,-1,-1,-1
-0.008,-1,0,0,-1,-1,-1,-1,0,0,-1,-1,-1
,-1,0,-1,-1,0,-1,-1,0,-1,-1,0,-1
,-1,-1,-1,-1,-1,-1,-1,-1,-1,-1,-1,-1
,-1,-1,-1,-1,-1,-1,-1,-1,-1,-1,-1,-1
-0.016,-1,0,-1,0,-1,-1,-1,0,-1,0,-1,-1
,-1,-1,-1,0,0,-1,-1,-1,-1,0,0,-1
,-1,-1,-1,-1,-1,-1,-1,-1,-1,-1,-1,-1
,-1,-1,-1,-1,-1,-1,-1,-1,-1,-1,-1,-1
-0.016,-1,0,-1,-1,0,-1,-1,0,-1,-1,0,-1
,-1,-1,-1,0,0,-1,-1,-1,-1,0,0,-1
,-1,-1,-1,-1,-1,-1,-1,-1,-1,-1,-1,-1
,-1,-1,-1,-1,-1,-1,-1,-1,-1,-1,-1,-1
-0.067,-1,0,0,-1,-1,-1,-1,0,0,-1,-1,-1
,-1,-1,-1,-1,-1,0,-1,-1,-1,-1,-1,0
,-1,-1,-1,-1,-1,-1,-1,-1,-1,-1,-1,-1
,-1,-1,-1,-1,-1,-1,-1,-1,-1,-1,-1,-1
-0.241,-1,-1,-1,0,-1,-1,-1,-1,-1,0,-1,-1
,-1,-1,-1,-1,0,-1,-1,-1,-1,-1,0,-1
,-1,-1,-1,-1,-1,-1,-1,-1,-1,-1,-1,-1
,-1,-1,-1,-1,-1,-1,-1,-1,-1,-1,-1,-1
-0.542,0,-1,-1,-1,-1,-1,0,-1,-1,-1,-1,-1
,-1,-1,0,0,-1,-1,-1,-1,0,0,-1,-1
,-1,-1,-1,-1,-1,-1,-1,-1,-1,-1,-1,-1
,-1,-1,-1,-1,-1,-1,-1,-1,-1,-1,-1,-1
-0.542,0,-1,-1,-1,-1,-1,0,-1,-1,-1,-1,-1
,-1,-1,0,-1,0,-1,-1,-1,0,-1,0,-1
,-1,-1,-1,-1,-1,-1,-1,-1,-1,-1,-1,-1
,-1,-1,-1,-1,-1,-1,-1,-1,-1,-1,-1,-1
-0.088,0,-1,-1,-1,-1,-1,0,-1,-1,-1,-1,-1
,-1,0,-1,0,-1,-1,-1,0,-1,0,-1,-1
,-1,-1,-1,-1,-1,-1,-1,-1,-1,-1,-1,-1
,-1,-1,-1,-1,-1,-1,-1,-1,-1,-1,-1,-1
-0.088,0,-1,-1,-1,-1,-1,0,-1,-1,-1,-1,-1
,-1,0,-1,-1,0,-1,-1,0,-1,-1,0,-1
,-1,-1,-1,-1,-1,-1,-1,-1,-1,-1,-1,-1
,-1,-1,-1,-1,-1,-1,-1,-1,-1,-1,-1,-1
-0.092,-1,0,-1,-1,-1,-1,-1,0,-1,-1,-1,-1
,-1,-1,-1,-1,-1,0,-1,-1,-1,-1,-1,0
,-1,-1,-1,-1,-1,-1,-1,-1,-1,-1,-1,-1
,-1,-1,-1,-1,-1,-1,-1,-1,-1,-1,-1,-1
-0.093,0,-1,-1,-1,-1,-1,0,-1,-1,-1,-1,-1
,-1,-1,-1,0,-1,-1,-1,-1,-1,0,-1,-1
,-1,-1,-1,-1,-1,-1,-1,-1,-1,-1,-1,-1
,-1,-1,-1,-1,-1,-1,-1,-1,-1,-1,-1,-1
-0.093,0,-1,-1,-1,-1,-1,0,-1,-1,-1,-1,-1
,-1,-1,-1,-1,0,-1,-1,-1,-1,-1,0,-1
,-1,-1,-1,-1,-1,-1,-1,-1,-1,-1,-1,-1
,-1,-1,-1,-1,-1,-1,-1,-1,-1,-1,-1,-1
-0.096,-1,-1,0,0,-1,-1,-1,-1,0,0,-1,-1
,-1,-1,-1,0,0,-1,-1,-1,-1,0,0,-1
,-1,-1,-1,-1,-1,-1,-1,-1,-1,-1,-1,-1
,-1,-1,-1,-1,-1,-1,-1,-1,-1,-1,-1,-1
-0.096,-1,-1,0,-1,0,-1,-1,-1,0,-1,0,-1
,-1,-1,-1,0,0,-1,-1,-1,-1,0,0,-1
,-1,-1,-1,-1,-1,-1,-1,-1,-1,-1,-1,-1
,-1,-1,-1,-1,-1,-1,-1,-1,-1,-1,-1,-1
-0.049,-1,0,0,-1,-1,-1,-1,0,0,-1,-1,-1
,-1,-1,0,0,-1,-1,-1,-1,0,0,-1,-1
,-1,-1,-1,-1,-1,-1,-1,-1,-1,-1,-1,-1
,-1,-1,-1,-1,-1,-1,-1,-1,-1,-1,-1,-1
-0.049,-1,0,0,-1,-1,-1,-1,0,0,-1,-1,-1
,-1,-1,0,-1,0,-1,-1,-1,0,-1,0,-1
,-1,-1,-1,-1,-1,-1,-1,-1,-1,-1,-1,-1
,-1,-1,-1,-1,-1,-1,-1,-1,-1,-1,-1,-1
-0.098,0,-1,-1,-1,-1,-1,0,-1,-1,-1,-1,-1
,0,-1,-1,-1,-1,-1,0,-1,-1,-1,-1,-1
,-1,-1,-1,0,-1,-1,-1,-1,-1,0,-1,-1
,-1,-1,-1,0,-1,-1,-1,-1,-1,0,-1,-1
-0.098,0,-1,-1,-1,-1,-1,0,-1,-1,-1,-1,-1
,0,-1,-1,-1,-1,-1,0,-1,-1,-1,-1,-1
,-1,-1,-1,-1,0,-1,-1,-1,-1,-1,0,-1
,-1,-1,-1,-1,0,-1,-1,-1,-1,-1,0,-1
-0.025,0,0,-1,-1,-1,-1,0,0,-1,-1,-1,-1
,0,-1,0,-1,-1,-1,0,-1,0,-1,-1,-1
,-1,-1,-1,-1,-1,-1,-1,-1,-1,-1,-1,-1
,-1,-1,-1,-1,-1,-1,-1,-1,-1,-1,-1,-1
-0.477,-1,-1,0,-1,-1,-1,-1,-1,0,-1,-1,-1
,-1,-1,-1,0,-1,-1,-1,-1,-1,0,-1,-1
,-1,-1,-1,-1,-1,-1,-1,-1,-1,-1,-1,-1
,-1,-1,-1,-1,-1,-1,-1,-1,-1,-1,-1,-1
-0.477,-1,-1,0,-1,-1,-1,-1,-1,0,-1,-1,-1
,-1,-1,-1,-1,0,-1,-1,-1,-1,-1,0,-1
,-1,-1,-1,-1,-1,-1,-1,-1,-1,-1,-1,-1
,-1,-1,-1,-1,-1,-1,-1,-1,-1,-1,-1,-1
-0.143,-1,-1,-1,0,-1,0,-1,-1,-1,0,-1,0
,-1,-1,-1,-1,0,0,-1,-1,-1,-1,0,0
,-1,-1,-1,-1,-1,-1,-1,-1,-1,-1,-1,-1
,-1,-1,-1,-1,-1,-1,-1,-1,-1,-1,-1,-1
-0.009,-1,0,-1,0,-1,-1,-1,0,-1,0,-1,-1
,-1,0,-1,-1,0,-1,-1,0,-1,-1,0,-1
,-1,-1,-1,-1,-1,-1,-1,-1,-1,-1,-1,-1
,-1,-1,-1,-1,-1,-1,-1,-1,-1,-1,-1,-1
-0.009,-1,0,-1,-1,-1,-1,-1,0,-1,-1,-1,-1
,-1,0,-1,-1,-1,-1,-1,0,-1,-1,-1,-1
,-1,-1,-1,-1,-1,0,-1,-1,-1,-1,-1,0
,-1,-1,-1,-1,-1,0,-1,-1,-1,-1,-1,0
-0.018,0,-1,-1,-1,-1,-1,0,-1,-1,-1,-1,-1
,-1,-1,-1,-1,-1,0,-1,-1,-1,-1,-1,0
,-1,-1,-1,-1,-1,-1,-1,-1,-1,-1,-1,-1
,-1,-1,-1,-1,-1,-1,-1,-1,-1,-1,-1,-1
-0.036,-1,0,-1,0,-1,-1,-1,0,-1,0,-1,-1
,-1,-1,-1,0,-1,0,-1,-1,-1,0,-1,0
,-1,-1,-1,-1,-1,-1,-1,-1,-1,-1,-1,-1
,-1,-1,-1,-1,-1,-1,-1,-1,-1,-1,-1,-1
-0.036,-1,0,-1,0,-1,-1,-1,0,-1,0,-1,-1
,-1,-1,-1,-1,0,0,-1,-1,-1,-1,0,0
,-1,-1,-1,-1,-1,-1,-1,-1,-1,-1,-1,-1
,-1,-1,-1,-1,-1,-1,-1,-1,-1,-1,-1,-1
-0.036,-1,0,-1,-1,0,-1,-1,0,-1,-1,0,-1
,-1,-1,-1,0,-1,0,-1,-1,-1,0,-1,0
,-1,-1,-1,-1,-1,-1,-1,-1,-1,-1,-1,-1
,-1,-1,-1,-1,-1,-1,-1,-1,-1,-1,-1,-1
-0.036,-1,0,-1,-1,0,-1,-1,0,-1,-1,0,-1
,-1,-1,-1,-1,0,0,-1,-1,-1,-1,0,0
,-1,-1,-1,-1,-1,-1,-1,-1,-1,-1,-1,-1
,-1,-1,-1,-1,-1,-1,-1,-1,-1,-1,-1,-1
-0.149,0,0,0,-1,-1,-1,0,0,0,-1,-1,-1
,-1,-1,-1,-1,-1,0,-1,-1,-1,-1,-1,0
,-1,-1,-1,-1,-1,-1,-1,-1,-1,-1,-1,-1
,-1,-1,-1,-1,-1,-1,-1,-1,-1,-1,-1,-1
-0.076,0,-1,-1,-1,-1,-1,0,-1,-1,-1,-1,-1
,-1,0,0,-1,-1,-1,-1,0,0,-1,-1,-1
,-1,-1,-1,-1,-1,-1,-1,-1,-1,-1,-1,-1
,-1,-1,-1,-1,-1,-1,-1,-1,-1,-1,-1,-1
-0.152,0,0,-1,-1,-1,-1,0,0,-1,-1,-1,-1
,-1,-1,0,-1,-1,-1,-1,-1,0,-1,-1,-1
,-1,-1,-1,-1,-1,-1,-1,-1,-1,-1,-1,-1
,-1,-1,-1,-1,-1,-1,-1,-1,-1,-1,-1,-1
-0.077,0,0,-1,-1,-1,-1,0,0,-1,-1,-1,-1
,-1,-1,-1,0,-1,-1,-1,-1,-1,0,-1,-1
,-1,-1,-1,-1,-1,-1,-1,-1,-1,-1,-1,-1
,-1,-1,-1,-1,-1,-1,-1,-1,-1,-1,-1,-1
-0.077,0,0,-1,-1,-1,-1,0,0,-1,-1,-1,-1
,-1,-1,-1,-1,0,-1,-1,-1,-1,-1,0,-1
,-1,-1,-1,-1,-1,-1,-1,-1,-1,-1,-1,-1
,-1,-1,-1,-1,-1,-1,-1,-1,-1,-1,-1,-1
-0.154,0,-1,0,-1,-1,-1,0,-1,0,-1,-1,-1
,-1,-1,0,-1,-1,-1,-1,-1,0,-1,-1,-1
,-1,-1,-1,-1,-1,-1,-1,-1,-1,-1,-1,-1
,-1,-1,-1,-1,-1,-1,-1,-1,-1,-1,-1,-1
-0.155,-1,-1,0,-1,-1,-1,-1,-1,0,-1,-1,-1
,-1,-1,0,-1,-1,-1,-1,-1,0,-1,-1,-1
,-1,-1,-1,-1,-1,0,-1,-1,-1,-1,-1,0
,-1,-1,-1,-1,-1,0,-1,-1,-1,-1,-1,0
-0.313,-1,-1,-1,0,-1,-1,-1,-1,-1,0,-1,-1
,-1,-1,-1,-1,-1,0,-1,-1,-1,-1,-1,0
,-1,-1,-1,-1,-1,-1,-1,-1,-1,-1,-1,-1
,-1,-1,-1,-1,-1,-1,-1,-1,-1,-1,-1,-1
-0.313,-1,-1,-1,-1,0,-1,-1,-1,-1,-1,0,-1
,-1,-1,-1,-1,-1,0,-1,-1,-1,-1,-1,0
,-1,-1,-1,-1,-1,-1,-1,-1,-1,-1,-1,-1
,-1,-1,-1,-1,-1,-1,-1,-1,-1,-1,-1,-1
-0.079,0,-1,0,-1,-1,-1,0,-1,0,-1,-1,-1
,-1,-1,-1,0,-1,-1,-1,-1,-1,0,-1,-1
,-1,-1,-1,-1,-1,-1,-1,-1,-1,-1,-1,-1
,-1,-1,-1,-1,-1,-1,-1,-1,-1,-1,-1,-1
-0.079,0,-1,0,-1,-1,-1,0,-1,0,-1,-1,-1
,-1,-1,-1,-1,0,-1,-1,-1,-1,-1,0,-1
,-1,-1,-1,-1,-1,-1,-1,-1,-1,-1,-1,-1
,-1,-1,-1,-1,-1,-1,-1,-1,-1,-1,-1,-1
-0.319,0,-1,-1,-1,-1,-1,0,-1,-1,-1,-1,-1
,-1,-1,-1,-1,-1,0,-1,-1,-1,-1,-1,0
,-1,-1,-1,-1,-1,0,-1,-1,-1,-1,-1,0
,-1,-1,-1,-1,-1,-1,-1,-1,-1,-1,-1,-1
-0.02,0,0,-1,-1,-1,-1,0,0,-1,-1,-1,-1
,-1,0,-1,-1,-1,-1,-1,0,-1,-1,-1,-1
,-1,-1,-1,-1,-1,-1,-1,-1,-1,-1,-1,-1
,-1,-1,-1,-1,-1,-1,-1,-1,-1,-1,-1,-1
-0.021,0,-1,0,-1,-1,-1,0,-1,0,-1,-1,-1
,-1,0,-1,-1,-1,-1,-1,0,-1,-1,-1,-1
,-1,-1,-1,-1,-1,-1,-1,-1,-1,-1,-1,-1
,-1,-1,-1,-1,-1,-1,-1,-1,-1,-1,-1,-1
-0.343,-1,-1,0,0,-1,-1,-1,-1,0,0,-1,-1
,-1,-1,0,-1,0,-1,-1,-1,0,-1,0,-1
,-1,-1,-1,-1,-1,-1,-1,-1,-1,-1,-1,-1
,-1,-1,-1,-1,-1,-1,-1,-1,-1,-1,-1,-1
-0.741,-1,-1,0,-1,-1,-1,-1,-1,0,-1,-1,-1
,-1,-1,-1,-1,-1,0,-1,-1,-1,-1,-1,0
,-1,-1,-1,-1,-1,-1,-1,-1,-1,-1,-1,-1
,-1,-1,-1,-1,-1,-1,-1,-1,-1,-1,-1,-1
-0.418,0,-1,-1,-1,-1,-1,0,-1,-1,-1,-1,-1
,-1,-1,-1,0,0,0,-1,-1,-1,0,0,0
,-1,-1,-1,-1,-1,-1,-1,-1,-1,-1,-1,-1
,-1,-1,-1,-1,-1,-1,-1,-1,-1,-1,-1,-1
-0.218,0,-1,-1,-1,-1,-1,0,-1,-1,-1,-1,-1
,-1,-1,-1,0,-1,-1,-1,-1,-1,0,-1,-1
,-1,-1,-1,0,-1,-1,-1,-1,-1,0,-1,-1
,-1,-1,-1,-1,-1,-1,-1,-1,-1,-1,-1,-1
-0.218,0,-1,-1,-1,-1,-1,0,-1,-1,-1,-1,-1
,-1,-1,-1,-1,0,-1,-1,-1,-1,-1,0,-1
,-1,-1,-1,-1,0,-1,-1,-1,-1,-1,0,-1
,-1,-1,-1,-1,-1,-1,-1,-1,-1,-1,-1,-1
-0.222,-1,-1,0,0,-1,-1,-1,-1,0,0,-1,-1
,-1,-1,-1,0,-1,0,-1,-1,-1,0,-1,0
,-1,-1,-1,-1,-1,-1,-1,-1,-1,-1,-1,-1
,-1,-1,-1,-1,-1,-1,-1,-1,-1,-1,-1,-1
-0.222,-1,-1,0,0,-1,-1,-1,-1,0,0,-1,-1
,-1,-1,-1,-1,0,0,-1,-1,-1,-1,0,0
,-1,-1,-1,-1,-1,-1,-1,-1,-1,-1,-1,-1
,-1,-1,-1,-1,-1,-1,-1,-1,-1,-1,-1,-1
-0.222,-1,-1,0,-1,0,-1,-1,-1,0,-1,0,-1
,-1,-1,-1,0,-1,0,-1,-1,-1,0,-1,0
,-1,-1,-1,-1,-1,-1,-1,-1,-1,-1,-1,-1
,-1,-1,-1,-1,-1,-1,-1,-1,-1,-1,-1,-1
-0.222,-1,-1,0,-1,0,-1,-1,-1,0,-1,0,-1
,-1,-1,-1,-1,0,0,-1,-1,-1,-1,0,0
,-1,-1,-1,-1,-1,-1,-1,-1,-1,-1,-1,-1
,-1,-1,-1,-1,-1,-1,-1,-1,-1,-1,-1,-1
-0.014,-1,0,0,-1,-1,-1,-1,0,0,-1,-1,-1
,-1,-1,-1,0,0,-1,-1,-1,-1,0,0,-1
,-1,-1,-1,-1,-1,-1,-1,-1,-1,-1,-1,-1
,-1,-1,-1,-1,-1,-1,-1,-1,-1,-1,-1,-1
-0.056,-1,0,-1,0,-1,-1,-1,0,-1,0,-1,-1
,-1,-1,0,0,-1,-1,-1,-1,0,0,-1,-1
,-1,-1,-1,-1,-1,-1,-1,-1,-1,-1,-1,-1
,-1,-1,-1,-1,-1,-1,-1,-1,-1,-1,-1,-1
-0.056,-1,0,-1,0,-1,-1,-1,0,-1,0,-1,-1
,-1,-1,0,-1,0,-1,-1,-1,0,-1,0,-1
,-1,-1,-1,-1,-1,-1,-1,-1,-1,-1,-1,-1
,-1,-1,-1,-1,-1,-1,-1,-1,-1,-1,-1,-1
-0.056,-1,0,-1,-1,0,-1,-1,0,-1,-1,0,-1
,-1,-1,0,0,-1,-1,-1,-1,0,0,-1,-1
,-1,-1,-1,-1,-1,-1,-1,-1,-1,-1,-1,-1
,-1,-1,-1,-1,-1,-1,-1,-1,-1,-1,-1,-1
-0.056,-1,0,-1,-1,0,-1,-1,0,-1,-1,0,-1
,-1,-1,0,-1,0,-1,-1,-1,0,-1,0,-1
,-1,-1,-1,-1,-1,-1,-1,-1,-1,-1,-1,-1
,-1,-1,-1,-1,-1,-1,-1,-1,-1,-1,-1,-1
-1.0,0,-1,-1,-1,-1,-1,0,-1,-1,-1,-1,-1
,-1,-1,0,-1,-1,-1,-1,-1,0,-1,-1,-1
,-1,-1,-1,-1,-1,0,-1,-1,-1,-1,-1,0
,-1,-1,-1,-1,-1,-1,-1,-1,-1,-1,-1,-1
0.001,0,-1,0,-1,-1,-1,0,-1,0,-1,-1,-1
,-1,-1,-1,0,-1,-1,-1,-1,-1,0,-1,-1
,-1,-1,-1,-1,-1,0,-1,-1,-1,-1,-1,0
,-1,-1,-1,-1,-1,-1,-1,-1,-1,-1,-1,-1
0.001,0,-1,0,-1,-1,-1,0,-1,0,-1,-1,-1
,-1,-1,-1,-1,0,-1,-1,-1,-1,-1,0,-1
,-1,-1,-1,-1,-1,0,-1,-1,-1,-1,-1,0
,-1,-1,-1,-1,-1,-1,-1,-1,-1,-1,-1,-1
0.065,-1,0,-1,-1,-1,-1,-1,0,-1,-1,-1,-1
,-1,-1,-1,0,-1,-1,-1,-1,-1,0,-1,-1
,-1,-1,-1,-1,-1,0,-1,-1,-1,-1,-1,0
,-1,-1,-1,-1,-1,-1,-1,-1,-1,-1,-1,-1
0.065,-1,0,-1,-1,-1,-1,-1,0,-1,-1,-1,-1
,-1,-1,-1,-1,0,-1,-1,-1,-1,-1,0,-1
,-1,-1,-1,-1,-1,0,-1,-1,-1,-1,-1,0
,-1,-1,-1,-1,-1,-1,-1,-1,-1,-1,-1,-1
0.066,0,-1,-1,-1,-1,-1,0,-1,-1,-1,-1,-1
,-1,0,-1,-1,-1,-1,-1,0,-1,-1,-1,-1
,-1,-1,-1,-1,-1,0,-1,-1,-1,-1,-1,0
,-1,-1,-1,-1,-1,0,-1,-1,-1,-1,-1,0
0.259,0,-1,-1,-1,-1,-1,0,-1,-1,-1,-1,-1
,-1,-1,0,0,-1,-1,-1,-1,0,0,-1,-1
,-1,-1,-1,0,-1,-1,-1,-1,-1,0,-1,-1
,-1,-1,-1,-1,-1,-1,-1,-1,-1,-1,-1,-1
0.259,0,-1,-1,-1,-1,-1,0,-1,-1,-1,-1,-1
,-1,-1,0,0,-1,-1,-1,-1,0,0,-1,-1
,-1,-1,-1,-1,0,-1,-1,-1,-1,-1,0,-1
,-1,-1,-1,-1,-1,-1,-1,-1,-1,-1,-1,-1
0.259,0,-1,-1,-1,-1,-1,0,-1,-1,-1,-1,-1
,-1,-1,0,-1,0,-1,-1,-1,0,-1,0,-1
,-1,-1,-1,0,-1,-1,-1,-1,-1,0,-1,-1
,-1,-1,-1,-1,-1,-1,-1,-1,-1,-1,-1,-1
0.259,0,-1,-1,-1,-1,-1,0,-1,-1,-1,-1,-1
,-1,-1,0,-1,0,-1,-1,-1,0,-1,0,-1
,-1,-1,-1,-1,0,-1,-1,-1,-1,-1,0,-1
,-1,-1,-1,-1,-1,-1,-1,-1,-1,-1,-1,-1
0.273,-1,-1,0,-1,-1,-1,-1,-1,0,-1,-1,-1
,-1,-1,-1,0,-1,-1,-1,-1,-1,0,-1,-1
,-1,-1,-1,-1,-1,0,-1,-1,-1,-1,-1,0
,-1,-1,-1,-1,-1,-1,-1,-1,-1,-1,-1,-1
0.273,-1,-1,0,-1,-1,-1,-1,-1,0,-1,-1,-1
,-1,-1,-1,-1,0,-1,-1,-1,-1,-1,0,-1
,-1,-1,-1,-1,-1,0,-1,-1,-1,-1,-1,0
,-1,-1,-1,-1,-1,-1,-1,-1,-1,-1,-1,-1
0.277,0,-1,-1,-1,-1,-1,0,-1,-1,-1,-1,-1
,-1,-1,0,-1,-1,-1,-1,-1,0,-1,-1,-1
,-1,-1,-1,-1,-1,0,-1,-1,-1,-1,-1,0
,-1,-1,-1,-1,-1,0,-1,-1,-1,-1,-1,0
0.087,0,0,-1,-1,-1,-1,0,0,-1,-1,-1,-1
,-1,-1,0,-1,-1,-1,-1,-1,0,-1,-1,-1
,-1,-1,-1,-1,-1,0,-1,-1,-1,-1,-1,0
,-1,-1,-1,-1,-1,-1,-1,-1,-1,-1,-1,-1
0.022,0,-1,0,-1,-1,-1,0,-1,0,-1,-1,-1
,-1,0,-1,-1,-1,-1,-1,0,-1,-1,-1,-1
,-1,-1,-1,-1,-1,0,-1,-1,-1,-1,-1,0
,-1,-1,-1,-1,-1,-1,-1,-1,-1,-1,-1,-1
0.088,0,-1,0,-1,-1,-1,0,-1,0,-1,-1,-1
,-1,-1,0,-1,-1,-1,-1,-1,0,-1,-1,-1
,-1,-1,-1,-1,-1,0,-1,-1,-1,-1,-1,0
,-1,-1,-1,-1,-1,-1,-1,-1,-1,-1,-1,-1
0.189,0,-1,-1,-1,-1,-1,0,-1,-1,-1,-1,-1
,-1,-1,-1,0,-1,0,-1,-1,-1,0,-1,0
,-1,-1,-1,-1,-1,0,-1,-1,-1,-1,-1,0
,-1,-1,-1,-1,-1,-1,-1,-1,-1,-1,-1,-1
0.189,0,-1,-1,-1,-1,-1,0,-1,-1,-1,-1,-1
,-1,-1,-1,-1,0,0,-1,-1,-1,-1,0,0
,-1,-1,-1,-1,-1,0,-1,-1,-1,-1,-1,0
,-1,-1,-1,-1,-1,-1,-1,-1,-1,-1,-1,-1
0.048,0,-1,-1,-1,-1,-1,0,-1,-1,-1,-1,-1
,-1,0,-1,0,-1,-1,-1,0,-1,0,-1,-1
,-1,-1,-1,-1,-1,0,-1,-1,-1,-1,-1,0
,-1,-1,-1,-1,-1,-1,-1,-1,-1,-1,-1,-1
0.048,0,-1,-1,-1,-1,-1,0,-1,-1,-1,-1,-1
,-1,0,-1,-1,0,-1,-1,0,-1,-1,0,-1
,-1,-1,-1,-1,-1,0,-1,-1,-1,-1,-1,0
,-1,-1,-1,-1,-1,-1,-1,-1,-1,-1,-1,-1
0.198,-1,0,-1,-1,-1,-1,-1,0,-1,-1,-1,-1
,-1,-1,0,-1,-1,-1,-1,-1,0,-1,-1,-1
,-1,-1,-1,-1,-1,0,-1,-1,-1,-1,-1,0
,-1,-1,-1,-1,-1,-1,-1,-1,-1,-1,-1,-1
0.073,0,-1,-1,-1,-1,-1,0,-1,-1,-1,-1,-1
,-1,-1,-1,0,-1,-1,-1,-1,-1,0,-1,-1
,-1,-1,-1,0,0,-1,-1,-1,-1,0,0,-1
,-1,-1,-1,-1,-1,-1,-1,-1,-1,-1,-1,-1
0.073,0,-1,-1,-1,-1,-1,0,-1,-1,-1,-1,-1
,-1,-1,-1,0,0,-1,-1,-1,-1,0,0,-1
,-1,-1,-1,-1,0,-1,-1,-1,-1,-1,0,-1
,-1,-1,-1,-1,-1,-1,-1,-1,-1,-1,-1,-1
0.292,0,-1,-1,-1,-1,-1,0,-1,-1,-1,-1,-1
,-1,-1,0,0,-1,-1,-1,-1,0,0,-1,-1
,-1,-1,-1,-1,-1,0,-1,-1,-1,-1,-1,0
,-1,-1,-1,-1,-1,-1,-1,-1,-1,-1,-1,-1
0.292,0,-1,-1,-1,-1,-1,0,-1,-1,-1,-1,-1
,-1,-1,0,-1,0,-1,-1,-1,0,-1,0,-1
,-1,-1,-1,-1,-1,0,-1,-1,-1,-1,-1,0
,-1,-1,-1,-1,-1,-1,-1,-1,-1,-1,-1,-1
0.037,0,-1,-1,-1,-1,-1,0,-1,-1,-1,-1,-1
,-1,0,0,-1,-1,-1,-1,0,0,-1,-1,-1
,-1,-1,-1,0,-1,-1,-1,-1,-1,0,-1,-1
,-1,-1,-1,-1,-1,-1,-1,-1,-1,-1,-1,-1
0.037,0,-1,-1,-1,-1,-1,0,-1,-1,-1,-1,-1
,-1,0,0,-1,-1,-1,-1,0,0,-1,-1,-1
,-1,-1,-1,-1,0,-1,-1,-1,-1,-1,0,-1
,-1,-1,-1,-1,-1,-1,-1,-1,-1,-1,-1,-1
0.041,0,-1,-1,-1,-1,-1,0,-1,-1,-1,-1,-1
,-1,0,0,-1,-1,-1,-1,0,0,-1,-1,-1
,-1,-1,-1,-1,-1,0,-1,-1,-1,-1,-1,0
,-1,-1,-1,-1,-1,-1,-1,-1,-1,-1,-1,-1
0.082,0,-1,-1,-1,-1,-1,0,-1,-1,-1,-1,-1
,-1,-1,-1,0,0,-1,-1,-1,-1,0,0,-1
,-1,-1,-1,-1,-1,0,-1,-1,-1,-1,-1,0
,-1,-1,-1,-1,-1,-1,-1,-1,-1,-1,-1,-1
0.021,0,0,-1,-1,-1,-1,0,0,-1,-1,-1,-1
,-1,0,-1,-1,-1,-1,-1,0,-1,-1,-1,-1
,-1,-1,-1,-1,-1,0,-1,-1,-1,-1,-1,0
,-1,-1,-1,-1,-1,-1,-1,-1,-1,-1,-1,-1
0.042,0,-1,-1,-1,-1,-1,0,-1,-1,-1,-1,-1
,-1,0,-1,0,-1,-1,-1,0,-1,0,-1,-1
,-1,-1,-1,0,-1,-1,-1,-1,-1,0,-1,-1
,-1,-1,-1,-1,-1,-1,-1,-1,-1,-1,-1,-1
0.042,0,-1,-1,-1,-1,-1,0,-1,-1,-1,-1,-1
,-1,0,-1,0,-1,-1,-1,0,-1,0,-1,-1
,-1,-1,-1,-1,0,-1,-1,-1,-1,-1,0,-1
,-1,-1,-1,-1,-1,-1,-1,-1,-1,-1,-1,-1
0.042,0,-1,-1,-1,-1,-1,0,-1,-1,-1,-1,-1
,-1,0,-1,-1,0,-1,-1,0,-1,-1,0,-1
,-1,-1,-1,0,-1,-1,-1,-1,-1,0,-1,-1
,-1,-1,-1,-1,-1,-1,-1,-1,-1,-1,-1,-1
0.042,0,-1,-1,-1,-1,-1,0,-1,-1,-1,-1,-1
,-1,0,-1,-1,0,-1,-1,0,-1,-1,0,-1
,-1,-1,-1,-1,0,-1,-1,-1,-1,-1,0,-1
,-1,-1,-1,-1,-1,-1,-1,-1,-1,-1,-1,-1
0.168,0,-1,-1,-1,-1,-1,0,-1,-1,-1,-1,-1
,-1,-1,-1,0,-1,-1,-1,-1,-1,0,-1,-1
,-1,-1,-1,0,-1,0,-1,-1,-1,0,-1,0
,-1,-1,-1,-1,-1,-1,-1,-1,-1,-1,-1,-1
0.168,0,-1,-1,-1,-1,-1,0,-1,-1,-1,-1,-1
,-1,-1,-1,0,-1,-1,-1,-1,-1,0,-1,-1
,-1,-1,-1,-1,0,0,-1,-1,-1,-1,0,0
,-1,-1,-1,-1,-1,-1,-1,-1,-1,-1,-1,-1
0.168,0,-1,-1,-1,-1,-1,0,-1,-1,-1,-1,-1
,-1,-1,-1,0,-1,0,-1,-1,-1,0,-1,0
,-1,-1,-1,-1,0,-1,-1,-1,-1,-1,0,-1
,-1,-1,-1,-1,-1,-1,-1,-1,-1,-1,-1,-1
0.168,0,-1,-1,-1,-1,-1,0,-1,-1,-1,-1,-1
,-1,-1,-1,-1,0,-1,-1,-1,-1,-1,0,-1
,-1,-1,-1,-1,0,0,-1,-1,-1,-1,0,0
,-1,-1,-1,-1,-1,-1,-1,-1,-1,-1,-1,-1
-0.001,0,-1,-1,-1,-1,-1,0,-1,-1,-1,-1,-1
,-1,-1,0,-1,-1,-1,-1,-1,0,-1,-1,-1
,-1,-1,-1,0,0,-1,-1,-1,-1,0,0,-1
,-1,-1,-1,-1,-1,-1,-1,-1,-1,-1,-1,-1
-0.069,0,-1,-1,-1,-1,-1,0,-1,-1,-1,-1,-1
,0,0,-1,-1,-1,-1,0,0,-1,-1,-1,-1
,-1,-1,-1,0,-1,-1,-1,-1,-1,0,-1,-1
,-1,-1,-1,-1,-1,-1,-1,-1,-1,-1,-1,-1
-0.069,0,-1,-1,-1,-1,-1,0,-1,-1,-1,-1,-1
,0,0,-1,-1,-1,-1,0,0,-1,-1,-1,-1
,-1,-1,-1,-1,0,-1,-1,-1,-1,-1,0,-1
,-1,-1,-1,-1,-1,-1,-1,-1,-1,-1,-1,-1
-0.07,0,-1,-1,-1,-1,-1,0,-1,-1,-1,-1,-1
,0,-1,0,-1,-1,-1,0,-1,0,-1,-1,-1
,-1,-1,-1,0,-1,-1,-1,-1,-1,0,-1,-1
,-1,-1,-1,-1,-1,-1,-1,-1,-1,-1,-1,-1
-0.07,0,-1,-1,-1,-1,-1,0,-1,-1,-1,-1,-1
,0,-1,0,-1,-1,-1,0,-1,0,-1,-1,-1
,-1,-1,-1,-1,0,-1,-1,-1,-1,-1,0,-1
,-1,-1,-1,-1,-1,-1,-1,-1,-1,-1,-1,-1
-0.011,-1,0,-1,-1,-1,-1,-1,0,-1,-1,-1,-1
,-1,0,0,-1,-1,-1,-1,0,0,-1,-1,-1
,-1,-1,-1,-1,-1,0,-1,-1,-1,-1,-1,0
,-1,-1,-1,-1,-1,-1,-1,-1,-1,-1,-1,-1
-0.022,-1,0,-1,-1,-1,-1,-1,0,-1,-1,-1,-1
,-1,-1,-1,0,0,-1,-1,-1,-1,0,0,-1
,-1,-1,-1,-1,-1,0,-1,-1,-1,-1,-1,0
,-1,-1,-1,-1,-1,-1,-1,-1,-1,-1,-1,-1
-0.091,-1,-1,0,-1,-1,-1,-1,-1,0,-1,-1,-1
,-1,-1,-1,0,0,-1,-1,-1,-1,0,0,-1
,-1,-1,-1,-1,-1,0,-1,-1,-1,-1,-1,0
,-1,-1,-1,-1,-1,-1,-1,-1,-1,-1,-1,-1
-0.046,-1,0,0,-1,-1,-1,-1,0,0,-1,-1,-1
,-1,-1,0,-1,-1,-1,-1,-1,0,-1,-1,-1
,-1,-1,-1,-1,-1,0,-1,-1,-1,-1,-1,0
,-1,-1,-1,-1,-1,-1,-1,-1,-1,-1,-1,-1
-0.185,0,-1,-1,-1,-1,-1,0,-1,-1,-1,-1,-1
,-1,0,-1,-1,-1,-1,-1,0,-1,-1,-1,-1
,-1,-1,-1,-1,-1,0,-1,-1,-1,-1,-1,0
,-1,-1,-1,-1,-1,-1,-1,-1,-1,-1,-1,-1
-0.196,0,-1,-1,-1,-1,-1,0,-1,-1,-1,-1,-1
,0,-1,-1,-1,-1,-1,0,-1,-1,-1,-1,-1
,-1,-1,-1,0,-1,-1,-1,-1,-1,0,-1,-1
,-1,-1,-1,-1,0,-1,-1,-1,-1,-1,0,-1
-0.05,-1,0,-1,-1,-1,-1,-1,0,-1,-1,-1,-1
,-1,-1,-1,0,-1,0,-1,-1,-1,0,-1,0
,-1,-1,-1,-1,-1,0,-1,-1,-1,-1,-1,0
,-1,-1,-1,-1,-1,-1,-1,-1,-1,-1,-1,-1
-0.05,-1,0,-1,-1,-1,-1,-1,0,-1,-1,-1,-1
,-1,-1,-1,-1,0,0,-1,-1,-1,-1,0,0
,-1,-1,-1,-1,-1,0,-1,-1,-1,-1,-1,0
,-1,-1,-1,-1,-1,-1,-1,-1,-1,-1,-1,-1
-0.529,0,-1,-1,-1,-1,-1,0,-1,-1,-1,-1,-1
,-1,-1,-1,0,-1,-1,-1,-1,-1,0,-1,-1
,-1,-1,-1,-1,-1,0,-1,-1,-1,-1,-1,0
,-1,-1,-1,-1,-1,-1,-1,-1,-1,-1,-1,-1
-0.529,0,-1,-1,-1,-1,-1,0,-1,-1,-1,-1,-1
,-1,-1,-1,-1,0,-1,-1,-1,-1,-1,0,-1
,-1,-1,-1,-1,-1,0,-1,-1,-1,-1,-1,0
,-1,-1,-1,-1,-1,-1,-1,-1,-1,-1,-1,-1
-0.073,-1,0,-1,-1,-1,-1,-1,0,-1,-1,-1,-1
,-1,-1,0,-1,-1,-1,-1,-1,0,-1,-1,-1
,-1,-1,-1,-1,-1,0,-1,-1,-1,-1,-1,0
,-1,-1,-1,-1,-1,0,-1,-1,-1,-1,-1,0
-0.077,-1,0,-1,-1,-1,-1,-1,0,-1,-1,-1,-1
,-1,-1,0,0,-1,-1,-1,-1,0,0,-1,-1
,-1,-1,-1,-1,-1,0,-1,-1,-1,-1,-1,0
,-1,-1,-1,-1,-1,-1,-1,-1,-1,-1,-1,-1
-0.077,-1,0,-1,-1,-1,-1,-1,0,-1,-1,-1,-1
,-1,-1,0,-1,0,-1,-1,-1,0,-1,0,-1
,-1,-1,-1,-1,-1,0,-1,-1,-1,-1,-1,0
,-1,-1,-1,-1,-1,-1,-1,-1,-1,-1,-1,-1
-0.078,0,-1,-1,-1,-1,-1,0,-1,-1,-1,-1,-1
,0,0,-1,-1,-1,-1,0,0,-1,-1,-1,-1
,-1,-1,-1,-1,-1,0,-1,-1,-1,-1,-1,0
,-1,-1,-1,-1,-1,-1,-1,-1,-1,-1,-1,-1
-0.078,0,-1,-1,-1,-1,-1,0,-1,-1,-1,-1,-1
,0,-1,0,-1,-1,-1,0,-1,0,-1,-1,-1
,-1,-1,-1,-1,-1,0,-1,-1,-1,-1,-1,0
,-1,-1,-1,-1,-1,-1,-1,-1,-1,-1,-1,-1
-0.326,-1,-1,0,-1,-1,-1,-1,-1,0,-1,-1,-1
,-1,-1,0,0,-1,-1,-1,-1,0,0,-1,-1
,-1,-1,-1,-1,-1,0,-1,-1,-1,-1,-1,0
,-1,-1,-1,-1,-1,-1,-1,-1,-1,-1,-1,-1
-0.326,-1,-1,0,-1,-1,-1,-1,-1,0,-1,-1,-1
,-1,-1,0,-1,0,-1,-1,-1,0,-1,0,-1
,-1,-1,-1,-1,-1,0,-1,-1,-1,-1,-1,0
,-1,-1,-1,-1,-1,-1,-1,-1,-1,-1,-1,-1
-0.013,-1,0,-1,-1,-1,-1,-1,0,-1,-1,-1,-1
,-1,0,-1,0,-1,-1,-1,0,-1,0,-1,-1
,-1,-1,-1,-1,-1,0,-1,-1,-1,-1,-1,0
,-1,-1,-1,-1,-1,-1,-1,-1,-1,-1,-1,-1
-0.013,-1,0,-1,-1,-1,-1,-1,0,-1,-1,-1,-1
,-1,0,-1,-1,0,-1,-1,0,-1,-1,0,-1
,-1,-1,-1,-1,-1,0,-1,-1,-1,-1,-1,0
,-1,-1,-1,-1,-1,-1,-1,-1,-1,-1,-1,-1
-0.21,-1,-1,0,-1,-1,-1,-1,-1,0,-1,-1,-1
,-1,-1,-1,0,-1,0,-1,-1,-1,0,-1,0
,-1,-1,-1,-1,-1,0,-1,-1,-1,-1,-1,0
,-1,-1,-1,-1,-1,-1,-1,-1,-1,-1,-1,-1
-0.21,-1,-1,0,-1,-1,-1,-1,-1,0,-1,-1,-1
,-1,-1,-1,-1,0,0,-1,-1,-1,-1,0,0
,-1,-1,-1,-1,-1,0,-1,-1,-1,-1,-1,0
,-1,-1,-1,-1,-1,-1,-1,-1,-1,-1,-1,-1
-0.053,-1,0,-1,0,-1,-1,-1,0,-1,0,-1,-1
,-1,-1,0,-1,-1,-1,-1,-1,0,-1,-1,-1
,-1,-1,-1,-1,-1,0,-1,-1,-1,-1,-1,0
,-1,-1,-1,-1,-1,-1,-1,-1,-1,-1,-1,-1
-0.053,-1,0,-1,-1,0,-1,-1,0,-1,-1,0,-1
,-1,-1,0,-1,-1,-1,-1,-1,0,-1,-1,-1
,-1,-1,-1,-1,-1,0,-1,-1,-1,-1,-1,0
,-1,-1,-1,-1,-1,-1,-1,-1,-1,-1,-1,-1
-0.431,0,-1,-1,-1,-1,-1,0,-1,-1,-1,-1,-1
,-1,-1,0,-1,-1,-1,-1,-1,0,-1,-1,-1
,-1,-1,-1,0,-1,-1,-1,-1,-1,0,-1,-1
,-1,-1,-1,-1,-1,-1,-1,-1,-1,-1,-1,-1
-0.431,0,-1,-1,-1,-1,-1,0,-1,-1,-1,-1,-1
,-1,-1,0,-1,-1,-1,-1,-1,0,-1,-1,-1
,-1,-1,-1,-1,0,-1,-1,-1,-1,-1,0,-1
,-1,-1,-1,-1,-1,-1,-1,-1,-1,-1,-1,-1
-0.436,0,-1,-1,-1,-1,-1,0,-1,-1,-1,-1,-1
,-1,-1,-1,0,-1,-1,-1,-1,-1,0,-1,-1
,-1,-1,-1,-1,0,-1,-1,-1,-1,-1,0,-1
,-1,-1,-1,-1,-1,-1,-1,-1,-1,-1,-1,-1
-0.221,0,-1,-1,-1,-1,-1,0,-1,-1,-1,-1,-1
,0,-1,-1,-1,-1,-1,0,-1,-1,-1,-1,-1
,-1,-1,-1,0,-1,-1,-1,-1,-1,0,-1,-1
,-1,-1,-1,-1,-1,0,-1,-1,-1,-1,-1,0
-0.221,0,-1,-1,-1,-1,-1,0,-1,-1,-1,-1,-1
,0,-1,-1,-1,-1,-1,0,-1,-1,-1,-1,-1
,-1,-1,-1,-1,0,-1,-1,-1,-1,-1,0,-1
,-1,-1,-1,-1,-1,0,-1,-1,-1,-1,-1,0
-0.056,0,-1,-1,-1,-1,-1,0,-1,-1,-1,-1,-1
,-1,0,-1,-1,-1,-1,-1,0,-1,-1,-1,-1
,-1,-1,-1,0,-1,-1,-1,-1,-1,0,-1,-1
,-1,-1,-1,-1,-1,-1,-1,-1,-1,-1,-1,-1
-0.056,0,-1,-1,-1,-1,-1,0,-1,-1,-1,-1,-1
,-1,0,-1,-1,-1,-1,-1,0,-1,-1,-1,-1
,-1,-1,-1,-1,0,-1,-1,-1,-1,-1,0,-1
,-1,-1,-1,-1,-1,-1,-1,-1,-1,-1,-1,-1
0.246,0,-1,-1,-1,-1,-1,0,-1,-1,-1,-1,-1
,-1,-1,0,-1,-1,-1,-1,-1,0,-1,-1,-1
,-1,-1,-1,0,-1,-1,-1,-1,-1,0,-1,-1
,-1,-1,-1,-1,-1,0,-1,-1,-1,-1,-1,0
0.246,0,-1,-1,-1,-1,-1,0,-1,-1,-1,-1,-1
,-1,-1,0,-1,-1,-1,-1,-1,0,-1,-1,-1
,-1,-1,-1,-1,0,-1,-1,-1,-1,-1,0,-1
,-1,-1,-1,-1,-1,0,-1,-1,-1,-1,-1,0
0.058,0,-1,-1,-1,-1,-1,0,-1,-1,-1,-1,-1
,-1,0,-1,-1,-1,-1,-1,0,-1,-1,-1,-1
,-1,-1,-1,0,-1,-1,-1,-1,-1,0,-1,-1
,-1,-1,-1,-1,-1,0,-1,-1,-1,-1,-1,0
0.058,0,-1,-1,-1,-1,-1,0,-1,-1,-1,-1,-1
,-1,0,-1,-1,-1,-1,-1,0,-1,-1,-1,-1
,-1,-1,-1,-1,0,-1,-1,-1,-1,-1,0,-1
,-1,-1,-1,-1,-1,0,-1,-1,-1,-1,-1,0
