0.028,-1,-1,-1,-1,-1,-1,-1,-1,-1,-1,-1,-1
,-1,-1,-1,-1,-1,-1,-1,-1,-1,-1,-1,-1
,-1,-1,-1,-1,-1,-1,-1,-1,-1,-1,-1,-1
,-1,-1,-1,-1,-1,-1,-1,-1,-1,-1,-1,-1
1.0,0,0,0,0,-1,-1,0,0,0,0,-1,-1
,-1,-1,-1,-1,-1,-1,-1,-1,-1,-1,-1,-1
,-1,-1,-1,-1,-1,-1,-1,-1,-1,-1,-1,-1
,-1,-1,-1,-1,-1,-1,-1,-1,-1,-1,-1,-1
1.0,0,0,0,-1,0,-1,0,0,0,-1,0,-1
,-1,-1,-1,-1,-1,-1,-1,-1,-1,-1,-1,-1
,-1,-1,-1,-1,-1,-1,-1,-1,-1,-1,-1,-1
,-1,-1,-1,-1,-1,-1,-1,-1,-1,-1,-1,-1
0.015,-1,0,-1,0,-1,-1,-1,0,-1,0,-1,-1
,-1,-1,-1,-1,-1,-1,-1,-1,-1,-1,-1,-1
,-1,-1,-1,-1,-1,-1,-1,-1,-1,-1,-1,-1
,-1,-1,-1,-1,-1,-1,-1,-1,-1,-1,-1,-1
0.015,-1,0,-1,-1,0,-1,-1,0,-1,-1,0,-1
,-1,-1,-1,-1,-1,-1,-1,-1,-1,-1,-1,-1
,-1,-1,-1,-1,-1,-1,-1,-1,-1,-1,-1,-1
,-1,-1,-1,-1,-1,-1,-1,-1,-1,-1,-1,-1
0.248,0,-1,0,0,-1,0,0,-1,0,0,-1,0
,-1,-1,-1,-1,-1,-1,-1,-1,-1,-1,-1,-1
,-1,-1,-1,-1,-1,-1,-1,-1,-1,-1,-1,-1
,-1,-1,-1,-1,-1,-1,-1,-1,-1,-1,-1,-1
0.248,0,-1,0,-1,0,0,0,-1,0,-1,0,0
,-1,-1,-1,-1,-1,-1,-1,-1,-1,-1,-1,-1
,-1,-1,-1,-1,-1,-1,-1,-1,-1,-1,-1,-1
,-1,-1,-1,-1,-1,-1,-1,-1,-1,-1,-1,-1
0.002,-1,-1,0,0,0,-1,-1,-1,0,0,0,-1
,-1,-1,-1,-1,-1,-1,-1,-1,-1,-1,-1,-1
,-1,-1,-1,-1,-1,-1,-1,-1,-1,-1,-1,-1
,-1,-1,-1,-1,-1,-1,-1,-1,-1,-1,-1,-1
0.067,0,-1,-1,-1,-1,-1,0,-1,-1,-1,-1,-1
,-1,-1,-1,-1,-1,-1,-1,-1,-1,-1,-1,-1
,-1,-1,-1,-1,-1,-1,-1,-1,-1,-1,-1,-1
,-1,-1,-1,-1,-1,-1,-1,-1,-1,-1,-1,-1
0.011,0,-1,-1,-1,-1,-1,0,-1,-1,-1,-1,-1
,0,-1,-1,-1,-1,-1,0,-1,-1,-1,-1,-1
,-1,-1,-1,-1,-1,-1,-1,-1,-1,-1,-1,-1
,-1,-1,-1,-1,-1,-1,-1,-1,-1,-1,-1,-1
0.362,-1,0,0,-1,-1,-1,-1,0,0,-1,-1,-1
,-1,-1,-1,-1,-1,-1,-1,-1,-1,-1,-1,-1
,-1,-1,-1,-1,-1,-1,-1,-1,-1,-1,-1,-1
,-1,-1,-1,-1,-1,-1,-1,-1,-1,-1,-1,-1
0.003,-1,-1,0,0,0,0,-1,-1,0,0,0,0
,-1,-1,-1,-1,-1,-1,-1,-1,-1,-1,-1,-1
,-1,-1,-1,-1,-1,-1,-1,-1,-1,-1,-1,-1
,-1,-1,-1,-1,-1,-1,-1,-1,-1,-1,-1,-1
0.006,-1,-1,-1,0,-1,-1,-1,-1,-1,0,-1,-1
,-1,-1,-1,-1,-1,-1,-1,-1,-1,-1,-1,-1
,-1,-1,-1,-1,-1,-1,-1,-1,-1,-1,-1,-1
,-1,-1,-1,-1,-1,-1,-1,-1,-1,-1,-1,-1
0.006,-1,-1,-1,-1,0,-1,-1,-1,-1,-1,0,-1
,-1,-1,-1,-1,-1,-1,-1,-1,-1,-1,-1,-1
,-1,-1,-1,-1,-1,-1,-1,-1,-1,-1,-1,-1
,-1,-1,-1,-1,-1,-1,-1,-1,-1,-1,-1,-1
0.025,-1,-1,0,0,-1,-1,-1,-1,0,0,-1,-1
,-1,-1,-1,-1,-1,-1,-1,-1,-1,-1,-1,-1
,-1,-1,-1,-1,-1,-1,-1,-1,-1,-1,-1,-1
,-1,-1,-1,-1,-1,-1,-1,-1,-1,-1,-1,-1
0.025,-1,-1,0,-1,0,-1,-1,-1,0,-1,0,-1
,-1,-1,-1,-1,-1,-1,-1,-1,-1,-1,-1,-1
,-1,-1,-1,-1,-1,-1,-1,-1,-1,-1,-1,-1
,-1,-1,-1,-1,-1,-1,-1,-1,-1,-1,-1,-1
0.025,-1,-1,-1,-1,-1,0,-1,-1,-1,-1,-1,0
,-1,-1,-1,-1,-1,-1,-1,-1,-1,-1,-1,-1
,-1,-1,-1,-1,-1,-1,-1,-1,-1,-1,-1,-1
,-1,-1,-1,-1,-1,-1,-1,-1,-1,-1,-1,-1
0.009,-1,-1,-1,0,0,0,-1,-1,-1,0,0,0
,-1,-1,-1,-1,-1,-1,-1,-1,-1,-1,-1,-1
,-1,-1,-1,-1,-1,-1,-1,-1,-1,-1,-1,-1
,-1,-1,-1,-1,-1,-1,-1,-1,-1,-1,-1,-1
0.163,0,0,-1,0,-1,0,0,0,-1,0,-1,0
,-1,-1,-1,-1,-1,-1,-1,-1,-1,-1,-1,-1
,-1,-1,-1,-1,-1,-1,-1,-1,-1,-1,-1,-1
,-1,-1,-1,-1,-1,-1,-1,-1,-1,-1,-1,-1
0.163,0,0,-1,-1,0,0,0,0,-1,-1,0,0
,-1,-1,-1,-1,-1,-1,-1,-1,-1,-1,-1,-1
,-1,-1,-1,-1,-1,-1,-1,-1,-1,-1,-1,-1
,-1,-1,-1,-1,-1,-1,-1,-1,-1,-1,-1,-1
0.114,-1,0,0,0,0,-1,-1,0,0,0,0,-1
,-1,-1,-1,-1,-1,-1,-1,-1,-1,-1,-1,-1
,-1,-1,-1,-1,-1,-1,-1,-1,-1,-1,-1,-1
,-1,-1,-1,-1,-1,-1,-1,-1,-1,-1,-1,-1
0.029,-1,0,-1,0,-1,0,-1,0,-1,0,-1,0
,-1,-1,-1,-1,-1,-1,-1,-1,-1,-1,-1,-1
,-1,-1,-1,-1,-1,-1,-1,-1,-1,-1,-1,-1
,-1,-1,-1,-1,-1,-1,-1,-1,-1,-1,-1,-1
0.029,-1,0,-1,-1,0,0,-1,0,-1,-1,0,0
,-1,-1,-1,-1,-1,-1,-1,-1,-1,-1,-1,-1
,-1,-1,-1,-1,-1,-1,-1,-1,-1,-1,-1,-1
,-1,-1,-1,-1,-1,-1,-1,-1,-1,-1,-1,-1
-0.12,-1,0,0,0,-1,0,-1,0,0,0,-1,0
,-1,-1,-1,-1,-1,-1,-1,-1,-1,-1,-1,-1
,-1,-1,-1,-1,-1,-1,-1,-1,-1,-1,-1,-1
,-1,-1,-1,-1,-1,-1,-1,-1,-1,-1,-1,-1
-0.12,-1,0,0,-1,0,0,-1,0,0,-1,0,0
,-1,-1,-1,-1,-1,-1,-1,-1,-1,-1,-1,-1
,-1,-1,-1,-1,-1,-1,-1,-1,-1,-1,-1,-1
,-1,-1,-1,-1,-1,-1,-1,-1,-1,-1,-1,-1
-0.252,-1,0,0,0,-1,-1,-1,0,0,0,-1,-1
,-1,-1,-1,-1,-1,-1,-1,-1,-1,-1,-1,-1
,-1,-1,-1,-1,-1,-1,-1,-1,-1,-1,-1,-1
,-1,-1,-1,-1,-1,-1,-1,-1,-1,-1,-1,-1
-0.252,-1,0,0,-1,0,-1,-1,0,0,-1,0,-1
,-1,-1,-1,-1,-1,-1,-1,-1,-1,-1,-1,-1
,-1,-1,-1,-1,-1,-1,-1,-1,-1,-1,-1,-1
,-1,-1,-1,-1,-1,-1,-1,-1,-1,-1,-1,-1
-0.002,-1,-1,-1,-1,-1,0,-1,-1,-1,-1,-1,0
,-1,-1,-1,-1,-1,0,-1,-1,-1,-1,-1,0
,-1,-1,-1,-1,-1,-1,-1,-1,-1,-1,-1,-1
,-1,-1,-1,-1,-1,-1,-1,-1,-1,-1,-1,-1
-0.017,-1,0,-1,-1,-1,-1,-1,0,-1,-1,-1,-1
,-1,-1,-1,-1,-1,-1,-1,-1,-1,-1,-1,-1
,-1,-1,-1,-1,-1,-1,-1,-1,-1,-1,-1,-1
,-1,-1,-1,-1,-1,-1,-1,-1,-1,-1,-1,-1
-0.017,-1,-1,0,0,-1,0,-1,-1,0,0,-1,0
,-1,-1,-1,-1,-1,-1,-1,-1,-1,-1,-1,-1
,-1,-1,-1,-1,-1,-1,-1,-1,-1,-1,-1,-1
,-1,-1,-1,-1,-1,-1,-1,-1,-1,-1,-1,-1
-0.017,-1,-1,0,-1,0,0,-1,-1,0,-1,0,0
,-1,-1,-1,-1,-1,-1,-1,-1,-1,-1,-1,-1
,-1,-1,-1,-1,-1,-1,-1,-1,-1,-1,-1,-1
,-1,-1,-1,-1,-1,-1,-1,-1,-1,-1,-1,-1
-0.044,-1,-1,-1,0,-1,0,-1,-1,-1,0,-1,0
,-1,-1,-1,-1,-1,-1,-1,-1,-1,-1,-1,-1
,-1,-1,-1,-1,-1,-1,-1,-1,-1,-1,-1,-1
,-1,-1,-1,-1,-1,-1,-1,-1,-1,-1,-1,-1
-0.044,-1,-1,-1,-1,0,0,-1,-1,-1,-1,0,0
,-1,-1,-1,-1,-1,-1,-1,-1,-1,-1,-1,-1
,-1,-1,-1,-1,-1,-1,-1,-1,-1,-1,-1,-1
,-1,-1,-1,-1,-1,-1,-1,-1,-1,-1,-1,-1
-0.003,-1,-1,-1,0,0,-1,-1,-1,-1,0,0,-1
,-1,-1,-1,-1,-1,-1,-1,-1,-1,-1,-1,-1
,-1,-1,-1,-1,-1,-1,-1,-1,-1,-1,-1,-1
,-1,-1,-1,-1,-1,-1,-1,-1,-1,-1,-1,-1
-0.768,0,0,-1,0,-1,-1,0,0,-1,0,-1,-1
,-1,-1,-1,-1,-1,-1,-1,-1,-1,-1,-1,-1
,-1,-1,-1,-1,-1,-1,-1,-1,-1,-1,-1,-1
,-1,-1,-1,-1,-1,-1,-1,-1,-1,-1,-1,-1
-0.768,0,0,-1,-1,0,-1,0,0,-1,-1,0,-1
,-1,-1,-1,-1,-1,-1,-1,-1,-1,-1,-1,-1
,-1,-1,-1,-1,-1,-1,-1,-1,-1,-1,-1,-1
,-1,-1,-1,-1,-1,-1,-1,-1,-1,-1,-1,-1
-0.198,0,-1,0,0,0,-1,0,-1,0,0,0,-1
,-1,-1,-1,-1,-1,-1,-1,-1,-1,-1,-1,-1
,-1,-1,-1,-1,-1,-1,-1,-1,-1,-1,-1,-1
,-1,-1,-1,-1,-1,-1,-1,-1,-1,-1,-1,-1
-0.29,0,0,0,-1,-1,-1,0,0,0,-1,-1,-1
,-1,-1,-1,-1,-1,-1,-1,-1,-1,-1,-1,-1
,-1,-1,-1,-1,-1,-1,-1,-1,-1,-1,-1,-1
,-1,-1,-1,-1,-1,-1,-1,-1,-1,-1,-1,-1
-0.037,0,-1,0,-1,-1,-1,0,-1,0,-1,-1,-1
,-1,-1,-1,-1,-1,-1,-1,-1,-1,-1,-1,-1
,-1,-1,-1,-1,-1,-1,-1,-1,-1,-1,-1,-1
,-1,-1,-1,-1,-1,-1,-1,-1,-1,-1,-1,-1
-0.079,0,0,-1,-1,-1,-1,0,0,-1,-1,-1,-1
,-1,-1,-1,-1,-1,-1,-1,-1,-1,-1,-1,-1
,-1,-1,-1,-1,-1,-1,-1,-1,-1,-1,-1,-1
,-1,-1,-1,-1,-1,-1,-1,-1,-1,-1,-1,-1
-0.01,-1,0,-1,0,0,0,-1,0,-1,0,0,0
,-1,-1,-1,-1,-1,-1,-1,-1,-1,-1,-1,-1
,-1,-1,-1,-1,-1,-1,-1,-1,-1,-1,-1,-1
,-1,-1,-1,-1,-1,-1,-1,-1,-1,-1,-1,-1
-0.02,-1,0,-1,0,0,-1,-1,0,-1,0,0,-1
,-1,-1,-1,-1,-1,-1,-1,-1,-1,-1,-1,-1
,-1,-1,-1,-1,-1,-1,-1,-1,-1,-1,-1,-1
,-1,-1,-1,-1,-1,-1,-1,-1,-1,-1,-1,-1
-0.021,-1,-1,0,-1,-1,-1,-1,-1,0,-1,-1,-1
,-1,-1,-1,-1,-1,-1,-1,-1,-1,-1,-1,-1
,-1,-1,-1,-1,-1,-1,-1,-1,-1,-1,-1,-1
,-1,-1,-1,-1,-1,-1,-1,-1,-1,-1,-1,-1
-0.112,0,0,-1,0,0,-1,0,0,-1,0,0,-1
,-1,-1,-1,-1,-1,-1,-1,-1,-1,-1,-1,-1
,-1,-1,-1,-1,-1,-1,-1,-1,-1,-1,-1,-1
,-1,-1,-1,-1,-1,-1,-1,-1,-1,-1,-1,-1
-0.971,0,-1,0,0,-1,-1,0,-1,0,0,-1,-1
,-1,-1,-1,-1,-1,-1,-1,-1,-1,-1,-1,-1
,-1,-1,-1,-1,-1,-1,-1,-1,-1,-1,-1,-1
,-1,-1,-1,-1,-1,-1,-1,-1,-1,-1,-1,-1
-0.971,0,-1,0,-1,0,-1,0,-1,0,-1,0,-1
,-1,-1,-1,-1,-1,-1,-1,-1,-1,-1,-1,-1
,-1,-1,-1,-1,-1,-1,-1,-1,-1,-1,-1,-1
,-1,-1,-1,-1,-1,-1,-1,-1,-1,-1,-1,-1
0.001,0,0,-1,-1,-1,-1,0,0,-1,-1,-1,-1
,-1,-1,0,-1,-1,-1,-1,-1,0,-1,-1,-1
,-1,-1,-1,-1,-1,-1,-1,-1,-1,-1,-1,-1
,-1,-1,-1,-1,-1,-1,-1,-1,-1,-1,-1,-1
0.001,0,-1,0,-1,-1,-1,0,-1,0,-1,-1,-1
,-1,-1,0,-1,-1,-1,-1,-1,0,-1,-1,-1
,-1,-1,-1,-1,-1,-1,-1,-1,-1,-1,-1,-1
,-1,-1,-1,-1,-1,-1,-1,-1,-1,-1,-1,-1
0.001,0,-1,0,0,-1,-1,0,-1,0,0,-1,-1
,-1,-1,0,-1,-1,-1,-1,-1,0,-1,-1,-1
,-1,-1,-1,-1,-1,-1,-1,-1,-1,-1,-1,-1
,-1,-1,-1,-1,-1,-1,-1,-1,-1,-1,-1,-1
0.001,0,-1,0,-1,0,-1,0,-1,0,-1,0,-1
,-1,-1,0,-1,-1,-1,-1,-1,0,-1,-1,-1
,-1,-1,-1,-1,-1,-1,-1,-1,-1,-1,-1,-1
,-1,-1,-1,-1,-1,-1,-1,-1,-1,-1,-1,-1
0.001,-1,0,-1,-1,-1,-1,-1,0,-1,-1,-1,-1
,-1,-1,-1,-1,-1,0,-1,-1,-1,-1,-1,0
,-1,-1,-1,-1,-1,0,-1,-1,-1,-1,-1,0
,-1,-1,-1,-1,-1,-1,-1,-1,-1,-1,-1,-1
0.001,-1,0,0,-1,-1,-1,-1,0,0,-1,-1,-1
,-1,-1,-1,0,-1,0,-1,-1,-1,0,-1,0
,-1,-1,-1,-1,-1,-1,-1,-1,-1,-1,-1,-1
,-1,-1,-1,-1,-1,-1,-1,-1,-1,-1,-1,-1
0.001,-1,0,0,-1,-1,-1,-1,0,0,-1,-1,-1
,-1,-1,-1,-1,0,0,-1,-1,-1,-1,0,0
,-1,-1,-1,-1,-1,-1,-1,-1,-1,-1,-1,-1
,-1,-1,-1,-1,-1,-1,-1,-1,-1,-1,-1,-1
0.001,-1,0,0,0,-1,-1,-1,0,0,0,-1,-1
,-1,-1,-1,0,-1,-1,-1,-1,-1,0,-1,-1
,-1,-1,-1,-1,-1,-1,-1,-1,-1,-1,-1,-1
,-1,-1,-1,-1,-1,-1,-1,-1,-1,-1,-1,-1
0.001,-1,0,0,0,-1,-1,-1,0,0,0,-1,-1
,-1,-1,-1,-1,0,-1,-1,-1,-1,-1,0,-1
,-1,-1,-1,-1,-1,-1,-1,-1,-1,-1,-1,-1
,-1,-1,-1,-1,-1,-1,-1,-1,-1,-1,-1,-1
0.001,-1,0,0,-1,0,-1,-1,0,0,-1,0,-1
,-1,-1,-1,0,-1,-1,-1,-1,-1,0,-1,-1
,-1,-1,-1,-1,-1,-1,-1,-1,-1,-1,-1,-1
,-1,-1,-1,-1,-1,-1,-1,-1,-1,-1,-1,-1
0.001,-1,0,0,-1,0,-1,-1,0,0,-1,0,-1
,-1,-1,-1,-1,0,-1,-1,-1,-1,-1,0,-1
,-1,-1,-1,-1,-1,-1,-1,-1,-1,-1,-1,-1
,-1,-1,-1,-1,-1,-1,-1,-1,-1,-1,-1,-1
0.001,-1,0,-1,0,-1,0,-1,0,-1,0,-1,0
,-1,-1,0,-1,-1,-1,-1,-1,0,-1,-1,-1
,-1,-1,-1,-1,-1,-1,-1,-1,-1,-1,-1,-1
,-1,-1,-1,-1,-1,-1,-1,-1,-1,-1,-1,-1
0.001,-1,0,-1,-1,0,0,-1,0,-1,-1,0,0
,-1,-1,0,-1,-1,-1,-1,-1,0,-1,-1,-1
,-1,-1,-1,-1,-1,-1,-1,-1,-1,-1,-1,-1
,-1,-1,-1,-1,-1,-1,-1,-1,-1,-1,-1,-1
0.001,-1,-1,0,-1,-1,-1,-1,-1,0,-1,-1,-1
,-1,-1,0,0,-1,0,-1,-1,0,0,-1,0
,-1,-1,-1,-1,-1,-1,-1,-1,-1,-1,-1,-1
,-1,-1,-1,-1,-1,-1,-1,-1,-1,-1,-1,-1
0.001,-1,-1,0,-1,-1,-1,-1,-1,0,-1,-1,-1
,-1,-1,0,-1,0,0,-1,-1,0,-1,0,0
,-1,-1,-1,-1,-1,-1,-1,-1,-1,-1,-1,-1
,-1,-1,-1,-1,-1,-1,-1,-1,-1,-1,-1,-1
0.001,-1,-1,0,-1,-1,-1,-1,-1,0,-1,-1,-1
,-1,-1,-1,0,0,-1,-1,-1,-1,0,0,-1
,-1,-1,-1,-1,-1,-1,-1,-1,-1,-1,-1,-1
,-1,-1,-1,-1,-1,-1,-1,-1,-1,-1,-1,-1
0.001,-1,-1,0,0,-1,-1,-1,-1,0,0,-1,-1
,-1,-1,-1,-1,0,-1,-1,-1,-1,-1,0,-1
,-1,-1,-1,-1,-1,-1,-1,-1,-1,-1,-1,-1
,-1,-1,-1,-1,-1,-1,-1,-1,-1,-1,-1,-1
0.001,-1,-1,0,0,0,-1,-1,-1,0,0,0,-1
,-1,-1,-1,0,-1,-1,-1,-1,-1,0,-1,-1
,-1,-1,-1,-1,-1,-1,-1,-1,-1,-1,-1,-1
,-1,-1,-1,-1,-1,-1,-1,-1,-1,-1,-1,-1
0.001,-1,-1,0,0,0,-1,-1,-1,0,0,0,-1
,-1,-1,-1,-1,0,-1,-1,-1,-1,-1,0,-1
,-1,-1,-1,-1,-1,-1,-1,-1,-1,-1,-1,-1
,-1,-1,-1,-1,-1,-1,-1,-1,-1,-1,-1,-1
0.001,-1,-1,0,-1,0,-1,-1,-1,0,-1,0,-1
,-1,-1,-1,0,-1,-1,-1,-1,-1,0,-1,-1
,-1,-1,-1,-1,-1,-1,-1,-1,-1,-1,-1,-1
,-1,-1,-1,-1,-1,-1,-1,-1,-1,-1,-1,-1
0.001,-1,-1,-1,0,-1,-1,-1,-1,-1,0,-1,-1
,-1,-1,-1,-1,0,0,-1,-1,-1,-1,0,0
,-1,-1,-1,-1,-1,-1,-1,-1,-1,-1,-1,-1
,-1,-1,-1,-1,-1,-1,-1,-1,-1,-1,-1,-1
0.001,-1,-1,-1,0,-1,0,-1,-1,-1,0,-1,0
,-1,-1,-1,-1,0,-1,-1,-1,-1,-1,0,-1
,-1,-1,-1,-1,-1,-1,-1,-1,-1,-1,-1,-1
,-1,-1,-1,-1,-1,-1,-1,-1,-1,-1,-1,-1
0.001,-1,-1,-1,0,-1,0,-1,-1,-1,0,-1,0
,-1,-1,-1,-1,0,0,-1,-1,-1,-1,0,0
,-1,-1,-1,-1,-1,-1,-1,-1,-1,-1,-1,-1
,-1,-1,-1,-1,-1,-1,-1,-1,-1,-1,-1,-1
0.004,0,-1,-1,-1,-1,-1,0,-1,-1,-1,-1,-1
,-1,-1,0,-1,-1,-1,-1,-1,0,-1,-1,-1
,-1,-1,-1,-1,-1,-1,-1,-1,-1,-1,-1,-1
,-1,-1,-1,-1,-1,-1,-1,-1,-1,-1,-1,-1
0.004,-1,0,0,-1,-1,-1,-1,0,0,-1,-1,-1
,-1,-1,0,-1,-1,-1,-1,-1,0,-1,-1,-1
,-1,-1,-1,-1,-1,-1,-1,-1,-1,-1,-1,-1
,-1,-1,-1,-1,-1,-1,-1,-1,-1,-1,-1,-1
0.004,0,-1,-1,-1,-1,-1,0,-1,-1,-1,-1,-1
,0,-1,-1,-1,-1,-1,0,-1,-1,-1,-1,-1
,-1,-1,-1,-1,-1,0,-1,-1,-1,-1,-1,0
,-1,-1,-1,-1,-1,-1,-1,-1,-1,-1,-1,-1
0.008,0,-1,-1,-1,-1,-1,0,-1,-1,-1,-1,-1
,-1,-1,-1,0,0,0,-1,-1,-1,0,0,0
,-1,-1,-1,-1,-1,-1,-1,-1,-1,-1,-1,-1
,-1,-1,-1,-1,-1,-1,-1,-1,-1,-1,-1,-1
0.016,-1,-1,0,-1,-1,-1,-1,-1,0,-1,-1,-1
,-1,-1,-1,-1,-1,0,-1,-1,-1,-1,-1,0
,-1,-1,-1,-1,-1,-1,-1,-1,-1,-1,-1,-1
,-1,-1,-1,-1,-1,-1,-1,-1,-1,-1,-1,-1
0.011,0,-1,-1,-1,-1,-1,0,-1,-1,-1,-1,-1
,0,-1,-1,-1,-1,-1,0,-1,-1,-1,-1,-1
,-1,-1,-1,0,-1,-1,-1,-1,-1,0,-1,-1
,-1,-1,-1,-1,-1,-1,-1,-1,-1,-1,-1,-1
0.011,0,-1,-1,-1,-1,-1,0,-1,-1,-1,-1,-1
,0,-1,-1,-1,-1,-1,0,-1,-1,-1,-1,-1
,-1,-1,-1,-1,0,-1,-1,-1,-1,-1,0,-1
,-1,-1,-1,-1,-1,-1,-1,-1,-1,-1,-1,-1
0.184,0,-1,0,-1,-1,-1,0,-1,0,-1,-1,-1
,-1,-1,-1,-1,-1,0,-1,-1,-1,-1,-1,0
,-1,-1,-1,-1,-1,-1,-1,-1,-1,-1,-1,-1
,-1,-1,-1,-1,-1,-1,-1,-1,-1,-1,-1,-1
0.003,0,-1,-1,-1,-1,-1,0,-1,-1,-1,-1,-1
,-1,-1,0,0,0,-1,-1,-1,0,0,0,-1
,-1,-1,-1,-1,-1,-1,-1,-1,-1,-1,-1,-1
,-1,-1,-1,-1,-1,-1,-1,-1,-1,-1,-1,-1
0.003,0,-1,-1,-1,-1,-1,0,-1,-1,-1,-1,-1
,-1,-1,-1,0,-1,-1,-1,-1,-1,0,-1,-1
,-1,-1,-1,0,-1,-1,-1,-1,-1,0,-1,-1
,-1,-1,-1,-1,-1,-1,-1,-1,-1,-1,-1,-1
0.003,0,-1,-1,-1,-1,-1,0,-1,-1,-1,-1,-1
,-1,-1,-1,-1,0,-1,-1,-1,-1,-1,0,-1
,-1,-1,-1,-1,0,-1,-1,-1,-1,-1,0,-1
,-1,-1,-1,-1,-1,-1,-1,-1,-1,-1,-1,-1
0.003,0,0,-1,0,-1,-1,0,0,-1,0,-1,-1
,-1,-1,0,-1,-1,-1,-1,-1,0,-1,-1,-1
,-1,-1,-1,-1,-1,-1,-1,-1,-1,-1,-1,-1
,-1,-1,-1,-1,-1,-1,-1,-1,-1,-1,-1,-1
0.003,0,0,-1,-1,0,-1,0,0,-1,-1,0,-1
,-1,-1,0,-1,-1,-1,-1,-1,0,-1,-1,-1
,-1,-1,-1,-1,-1,-1,-1,-1,-1,-1,-1,-1
,-1,-1,-1,-1,-1,-1,-1,-1,-1,-1,-1,-1
0.003,-1,-1,-1,0,-1,0,-1,-1,-1,0,-1,0
,-1,-1,-1,-1,-1,0,-1,-1,-1,-1,-1,0
,-1,-1,-1,-1,-1,-1,-1,-1,-1,-1,-1,-1
,-1,-1,-1,-1,-1,-1,-1,-1,-1,-1,-1,-1
0.003,-1,-1,-1,-1,0,0,-1,-1,-1,-1,0,0
,-1,-1,-1,-1,-1,0,-1,-1,-1,-1,-1,0
,-1,-1,-1,-1,-1,-1,-1,-1,-1,-1,-1,-1
,-1,-1,-1,-1,-1,-1,-1,-1,-1,-1,-1,-1
0.006,0,-1,-1,-1,-1,-1,0,-1,-1,-1,-1,-1
,0,0,-1,0,-1,-1,0,0,-1,0,-1,-1
,-1,-1,-1,-1,-1,-1,-1,-1,-1,-1,-1,-1
,-1,-1,-1,-1,-1,-1,-1,-1,-1,-1,-1,-1
0.006,0,-1,-1,-1,-1,-1,0,-1,-1,-1,-1,-1
,0,0,-1,-1,0,-1,0,0,-1,-1,0,-1
,-1,-1,-1,-1,-1,-1,-1,-1,-1,-1,-1,-1
,-1,-1,-1,-1,-1,-1,-1,-1,-1,-1,-1,-1
0.012,0,-1,-1,-1,-1,-1,0,-1,-1,-1,-1,-1
,-1,0,0,-1,-1,-1,-1,0,0,-1,-1,-1
,-1,-1,-1,-1,-1,-1,-1,-1,-1,-1,-1,-1
,-1,-1,-1,-1,-1,-1,-1,-1,-1,-1,-1,-1
0.012,-1,-1,-1,0,-1,-1,-1,-1,-1,0,-1,-1
,-1,-1,-1,-1,-1,0,-1,-1,-1,-1,-1,0
,-1,-1,-1,-1,-1,-1,-1,-1,-1,-1,-1,-1
,-1,-1,-1,-1,-1,-1,-1,-1,-1,-1,-1,-1
0.012,-1,-1,-1,-1,0,-1,-1,-1,-1,-1,0,-1
,-1,-1,-1,-1,-1,0,-1,-1,-1,-1,-1,0
,-1,-1,-1,-1,-1,-1,-1,-1,-1,-1,-1,-1
,-1,-1,-1,-1,-1,-1,-1,-1,-1,-1,-1,-1
0.192,0,-1,-1,-1,-1,-1,0,-1,-1,-1,-1,-1
,-1,-1,-1,0,0,-1,-1,-1,-1,0,0,-1
,-1,-1,-1,-1,-1,-1,-1,-1,-1,-1,-1,-1
,-1,-1,-1,-1,-1,-1,-1,-1,-1,-1,-1,-1
0.018,-1,0,0,-1,-1,-1,-1,0,0,-1,-1,-1
,-1,-1,-1,-1,-1,0,-1,-1,-1,-1,-1,0
,-1,-1,-1,-1,-1,0,-1,-1,-1,-1,-1,0
,-1,-1,-1,-1,-1,-1,-1,-1,-1,-1,-1,-1
0.018,-1,-1,-1,0,0,-1,-1,-1,-1,0,0,-1
,-1,-1,-1,-1,-1,0,-1,-1,-1,-1,-1,0
,-1,-1,-1,-1,-1,-1,-1,-1,-1,-1,-1,-1
,-1,-1,-1,-1,-1,-1,-1,-1,-1,-1,-1,-1
0.005,0,0,0,-1,-1,-1,0,0,0,-1,-1,-1
,-1,-1,-1,0,-1,-1,-1,-1,-1,0,-1,-1
,-1,-1,-1,-1,-1,-1,-1,-1,-1,-1,-1,-1
,-1,-1,-1,-1,-1,-1,-1,-1,-1,-1,-1,-1
0.005,0,0,0,-1,-1,-1,0,0,0,-1,-1,-1
,-1,-1,-1,-1,0,-1,-1,-1,-1,-1,0,-1
,-1,-1,-1,-1,-1,-1,-1,-1,-1,-1,-1,-1
,-1,-1,-1,-1,-1,-1,-1,-1,-1,-1,-1,-1
0.005,0,-1,-1,-1,-1,-1,0,-1,-1,-1,-1,-1
,0,-1,-1,-1,-1,-1,0,-1,-1,-1,-1,-1
,-1,-1,-1,0,-1,0,-1,-1,-1,0,-1,0
,-1,-1,-1,-1,-1,-1,-1,-1,-1,-1,-1,-1
0.005,0,-1,-1,-1,-1,-1,0,-1,-1,-1,-1,-1
,0,-1,-1,-1,-1,-1,0,-1,-1,-1,-1,-1
,-1,-1,-1,-1,0,0,-1,-1,-1,-1,0,0
,-1,-1,-1,-1,-1,-1,-1,-1,-1,-1,-1,-1
0.02,0,-1,-1,-1,-1,-1,0,-1,-1,-1,-1,-1
,-1,-1,-1,-1,-1,0,-1,-1,-1,-1,-1,0
,-1,-1,-1,-1,-1,0,-1,-1,-1,-1,-1,0
,-1,-1,-1,-1,-1,-1,-1,-1,-1,-1,-1,-1
0.161,-1,0,0,-1,-1,-1,-1,0,0,-1,-1,-1
,-1,-1,-1,-1,-1,0,-1,-1,-1,-1,-1,0
,-1,-1,-1,-1,-1,-1,-1,-1,-1,-1,-1,-1
,-1,-1,-1,-1,-1,-1,-1,-1,-1,-1,-1,-1
0.162,0,0,-1,-1,-1,-1,0,0,-1,-1,-1,-1
,-1,-1,-1,-1,-1,0,-1,-1,-1,-1,-1,0
,-1,-1,-1,-1,-1,-1,-1,-1,-1,-1,-1,-1
,-1,-1,-1,-1,-1,-1,-1,-1,-1,-1,-1,-1
0.007,0,-1,-1,-1,-1,-1,0,-1,-1,-1,-1,-1
,-1,0,-1,0,0,-1,-1,0,-1,0,0,-1
,-1,-1,-1,-1,-1,-1,-1,-1,-1,-1,-1,-1
,-1,-1,-1,-1,-1,-1,-1,-1,-1,-1,-1,-1
0.014,-1,-1,0,0,-1,0,-1,-1,0,0,-1,0
,-1,-1,-1,-1,-1,0,-1,-1,-1,-1,-1,0
,-1,-1,-1,-1,-1,-1,-1,-1,-1,-1,-1,-1
,-1,-1,-1,-1,-1,-1,-1,-1,-1,-1,-1,-1
0.014,-1,-1,0,-1,0,0,-1,-1,0,-1,0,0
,-1,-1,-1,-1,-1,0,-1,-1,-1,-1,-1,0
,-1,-1,-1,-1,-1,-1,-1,-1,-1,-1,-1,-1
,-1,-1,-1,-1,-1,-1,-1,-1,-1,-1,-1,-1
0.028,-1,0,0,0,-1,-1,-1,0,0,0,-1,-1
,-1,-1,-1,-1,-1,0,-1,-1,-1,-1,-1,0
,-1,-1,-1,-1,-1,-1,-1,-1,-1,-1,-1,-1
,-1,-1,-1,-1,-1,-1,-1,-1,-1,-1,-1,-1
0.028,-1,0,0,-1,0,-1,-1,0,0,-1,0,-1
,-1,-1,-1,-1,-1,0,-1,-1,-1,-1,-1,0
,-1,-1,-1,-1,-1,-1,-1,-1,-1,-1,-1,-1
,-1,-1,-1,-1,-1,-1,-1,-1,-1,-1,-1,-1
0.028,-1,-1,0,0,-1,-1,-1,-1,0,0,-1,-1
,-1,-1,-1,-1,-1,0,-1,-1,-1,-1,-1,0
,-1,-1,-1,-1,-1,-1,-1,-1,-1,-1,-1,-1
,-1,-1,-1,-1,-1,-1,-1,-1,-1,-1,-1,-1
0.028,-1,-1,0,-1,0,-1,-1,-1,0,-1,0,-1
,-1,-1,-1,-1,-1,0,-1,-1,-1,-1,-1,0
,-1,-1,-1,-1,-1,-1,-1,-1,-1,-1,-1,-1
,-1,-1,-1,-1,-1,-1,-1,-1,-1,-1,-1,-1
0.959,0,-1,-1,-1,-1,-1,0,-1,-1,-1,-1,-1
,-1,-1,-1,0,-1,-1,-1,-1,-1,0,-1,-1
,-1,-1,-1,-1,-1,-1,-1,-1,-1,-1,-1,-1
,-1,-1,-1,-1,-1,-1,-1,-1,-1,-1,-1,-1
0.959,0,-1,-1,-1,-1,-1,0,-1,-1,-1,-1,-1
,-1,-1,-1,-1,0,-1,-1,-1,-1,-1,0,-1
,-1,-1,-1,-1,-1,-1,-1,-1,-1,-1,-1,-1
,-1,-1,-1,-1,-1,-1,-1,-1,-1,-1,-1,-1
-0.359,0,0,0,-1,-1,-1,0,0,0,-1,-1,-1
,-1,-1,-1,-1,-1,0,-1,-1,-1,-1,-1,0
,-1,-1,-1,-1,-1,-1,-1,-1,-1,-1,-1,-1
,-1,-1,-1,-1,-1,-1,-1,-1,-1,-1,-1,-1
-0.278,0,-1,-1,-1,-1,-1,0,-1,-1,-1,-1,-1
,-1,-1,-1,0,-1,0,-1,-1,-1,0,-1,0
,-1,-1,-1,-1,-1,-1,-1,-1,-1,-1,-1,-1
,-1,-1,-1,-1,-1,-1,-1,-1,-1,-1,-1,-1
-0.278,0,-1,-1,-1,-1,-1,0,-1,-1,-1,-1,-1
,-1,-1,-1,-1,0,0,-1,-1,-1,-1,0,0
,-1,-1,-1,-1,-1,-1,-1,-1,-1,-1,-1,-1
,-1,-1,-1,-1,-1,-1,-1,-1,-1,-1,-1,-1
-0.03,-1,0,-1,-1,-1,-1,-1,0,-1,-1,-1,-1
,-1,-1,-1,-1,-1,0,-1,-1,-1,-1,-1,0
,-1,-1,-1,-1,-1,-1,-1,-1,-1,-1,-1,-1
,-1,-1,-1,-1,-1,-1,-1,-1,-1,-1,-1,-1
-0.001,0,0,-1,-1,-1,-1,0,0,-1,-1,-1,-1
,-1,-1,-1,0,-1,-1,-1,-1,-1,0,-1,-1
,-1,-1,-1,-1,-1,-1,-1,-1,-1,-1,-1,-1
,-1,-1,-1,-1,-1,-1,-1,-1,-1,-1,-1,-1
-0.001,0,0,-1,-1,-1,-1,0,0,-1,-1,-1,-1
,-1,-1,-1,0,-1,0,-1,-1,-1,0,-1,0
,-1,-1,-1,-1,-1,-1,-1,-1,-1,-1,-1,-1
,-1,-1,-1,-1,-1,-1,-1,-1,-1,-1,-1,-1
-0.001,0,0,-1,-1,-1,-1,0,0,-1,-1,-1,-1
,-1,-1,-1,-1,0,-1,-1,-1,-1,-1,0,-1
,-1,-1,-1,-1,-1,-1,-1,-1,-1,-1,-1,-1
,-1,-1,-1,-1,-1,-1,-1,-1,-1,-1,-1,-1
-0.001,0,0,-1,-1,-1,-1,0,0,-1,-1,-1,-1
,-1,-1,-1,-1,0,0,-1,-1,-1,-1,0,0
,-1,-1,-1,-1,-1,-1,-1,-1,-1,-1,-1,-1
,-1,-1,-1,-1,-1,-1,-1,-1,-1,-1,-1,-1
-0.001,-1,0,0,0,-1,-1,-1,0,0,0,-1,-1
,-1,-1,0,-1,-1,-1,-1,-1,0,-1,-1,-1
,-1,-1,-1,-1,-1,-1,-1,-1,-1,-1,-1,-1
,-1,-1,-1,-1,-1,-1,-1,-1,-1,-1,-1,-1
-0.001,-1,0,0,-1,0,-1,-1,0,0,-1,0,-1
,-1,-1,0,-1,-1,-1,-1,-1,0,-1,-1,-1
,-1,-1,-1,-1,-1,-1,-1,-1,-1,-1,-1,-1
,-1,-1,-1,-1,-1,-1,-1,-1,-1,-1,-1,-1
-0.001,-1,0,-1,0,-1,-1,-1,0,-1,0,-1,-1
,-1,-1,-1,0,-1,0,-1,-1,-1,0,-1,0
,-1,-1,-1,-1,-1,-1,-1,-1,-1,-1,-1,-1
,-1,-1,-1,-1,-1,-1,-1,-1,-1,-1,-1,-1
-0.001,-1,0,-1,0,-1,-1,-1,0,-1,0,-1,-1
,-1,-1,-1,-1,0,0,-1,-1,-1,-1,0,0
,-1,-1,-1,-1,-1,-1,-1,-1,-1,-1,-1,-1
,-1,-1,-1,-1,-1,-1,-1,-1,-1,-1,-1,-1
-0.001,-1,0,-1,0,-1,0,-1,0,-1,0,-1,0
,-1,-1,-1,-1,0,-1,-1,-1,-1,-1,0,-1
,-1,-1,-1,-1,-1,-1,-1,-1,-1,-1,-1,-1
,-1,-1,-1,-1,-1,-1,-1,-1,-1,-1,-1,-1
-0.001,-1,0,-1,-1,0,-1,-1,0,-1,-1,0,-1
,-1,-1,-1,0,-1,0,-1,-1,-1,0,-1,0
,-1,-1,-1,-1,-1,-1,-1,-1,-1,-1,-1,-1
,-1,-1,-1,-1,-1,-1,-1,-1,-1,-1,-1,-1
-0.001,-1,0,-1,-1,0,-1,-1,0,-1,-1,0,-1
,-1,-1,-1,-1,0,0,-1,-1,-1,-1,0,0
,-1,-1,-1,-1,-1,-1,-1,-1,-1,-1,-1,-1
,-1,-1,-1,-1,-1,-1,-1,-1,-1,-1,-1,-1
-0.001,-1,0,-1,-1,0,0,-1,0,-1,-1,0,0
,-1,-1,-1,0,-1,-1,-1,-1,-1,0,-1,-1
,-1,-1,-1,-1,-1,-1,-1,-1,-1,-1,-1,-1
,-1,-1,-1,-1,-1,-1,-1,-1,-1,-1,-1,-1
-0.001,-1,-1,0,-1,-1,-1,-1,-1,0,-1,-1,-1
,-1,-1,0,0,0,-1,-1,-1,0,0,0,-1
,-1,-1,-1,-1,-1,-1,-1,-1,-1,-1,-1,-1
,-1,-1,-1,-1,-1,-1,-1,-1,-1,-1,-1,-1
-0.001,-1,-1,0,-1,-1,-1,-1,-1,0,-1,-1,-1
,-1,-1,-1,0,-1,-1,-1,-1,-1,0,-1,-1
,-1,-1,-1,-1,-1,-1,-1,-1,-1,-1,-1,-1
,-1,-1,-1,-1,-1,-1,-1,-1,-1,-1,-1,-1
-0.001,-1,-1,0,-1,-1,-1,-1,-1,0,-1,-1,-1
,-1,-1,-1,-1,0,-1,-1,-1,-1,-1,0,-1
,-1,-1,-1,-1,-1,-1,-1,-1,-1,-1,-1,-1
,-1,-1,-1,-1,-1,-1,-1,-1,-1,-1,-1,-1
-0.001,-1,-1,0,0,-1,-1,-1,-1,0,0,-1,-1
,-1,-1,-1,0,-1,0,-1,-1,-1,0,-1,0
,-1,-1,-1,-1,-1,-1,-1,-1,-1,-1,-1,-1
,-1,-1,-1,-1,-1,-1,-1,-1,-1,-1,-1,-1
-0.001,-1,-1,0,0,-1,-1,-1,-1,0,0,-1,-1
,-1,-1,-1,-1,0,0,-1,-1,-1,-1,0,0
,-1,-1,-1,-1,-1,-1,-1,-1,-1,-1,-1,-1
,-1,-1,-1,-1,-1,-1,-1,-1,-1,-1,-1,-1
-0.001,-1,-1,0,0,-1,0,-1,-1,0,0,-1,0
,-1,-1,-1,0,-1,-1,-1,-1,-1,0,-1,-1
,-1,-1,-1,-1,-1,-1,-1,-1,-1,-1,-1,-1
,-1,-1,-1,-1,-1,-1,-1,-1,-1,-1,-1,-1
-0.001,-1,-1,0,-1,0,-1,-1,-1,0,-1,0,-1
,-1,-1,-1,0,-1,0,-1,-1,-1,0,-1,0
,-1,-1,-1,-1,-1,-1,-1,-1,-1,-1,-1,-1
,-1,-1,-1,-1,-1,-1,-1,-1,-1,-1,-1,-1
-0.001,-1,-1,0,-1,0,-1,-1,-1,0,-1,0,-1
,-1,-1,-1,-1,0,0,-1,-1,-1,-1,0,0
,-1,-1,-1,-1,-1,-1,-1,-1,-1,-1,-1,-1
,-1,-1,-1,-1,-1,-1,-1,-1,-1,-1,-1,-1
-0.001,-1,-1,0,-1,0,0,-1,-1,0,-1,0,0
,-1,-1,-1,-1,0,-1,-1,-1,-1,-1,0,-1
,-1,-1,-1,-1,-1,-1,-1,-1,-1,-1,-1,-1
,-1,-1,-1,-1,-1,-1,-1,-1,-1,-1,-1,-1
-0.001,-1,-1,-1,0,-1,-1,-1,-1,-1,0,-1,-1
,-1,-1,-1,0,0,-1,-1,-1,-1,0,0,-1
,-1,-1,-1,-1,-1,-1,-1,-1,-1,-1,-1,-1
,-1,-1,-1,-1,-1,-1,-1,-1,-1,-1,-1,-1
-0.001,-1,-1,-1,0,0,-1,-1,-1,-1,0,0,-1
,-1,-1,-1,-1,0,-1,-1,-1,-1,-1,0,-1
,-1,-1,-1,-1,-1,-1,-1,-1,-1,-1,-1,-1
,-1,-1,-1,-1,-1,-1,-1,-1,-1,-1,-1,-1
-0.001,0,-1,-1,-1,-1,-1,0,-1,-1,-1,-1,-1
,0,-1,-1,-1,-1,-1,0,-1,-1,-1,-1,-1
,-1,-1,-1,-1,-1,0,-1,-1,-1,-1,-1,0
,-1,-1,-1,-1,-1,0,-1,-1,-1,-1,-1,0
-0.002,0,-1,-1,-1,-1,-1,0,-1,-1,-1,-1,-1
,-1,0,0,0,-1,-1,-1,0,0,0,-1,-1
,-1,-1,-1,-1,-1,-1,-1,-1,-1,-1,-1,-1
,-1,-1,-1,-1,-1,-1,-1,-1,-1,-1,-1,-1
-0.002,0,-1,-1,-1,-1,-1,0,-1,-1,-1,-1,-1
,-1,0,0,-1,0,-1,-1,0,0,-1,0,-1
,-1,-1,-1,-1,-1,-1,-1,-1,-1,-1,-1,-1
,-1,-1,-1,-1,-1,-1,-1,-1,-1,-1,-1,-1
-0.002,0,-1,-1,-1,-1,-1,0,-1,-1,-1,-1,-1
,-1,0,-1,0,-1,0,-1,0,-1,0,-1,0
,-1,-1,-1,-1,-1,-1,-1,-1,-1,-1,-1,-1
,-1,-1,-1,-1,-1,-1,-1,-1,-1,-1,-1,-1
-0.002,0,-1,-1,-1,-1,-1,0,-1,-1,-1,-1,-1
,-1,0,-1,-1,0,0,-1,0,-1,-1,0,0
,-1,-1,-1,-1,-1,-1,-1,-1,-1,-1,-1,-1
,-1,-1,-1,-1,-1,-1,-1,-1,-1,-1,-1,-1
-0.002,0,0,-1,0,-1,-1,0,0,-1,0,-1,-1
,-1,-1,-1,0,-1,-1,-1,-1,-1,0,-1,-1
,-1,-1,-1,-1,-1,-1,-1,-1,-1,-1,-1,-1
,-1,-1,-1,-1,-1,-1,-1,-1,-1,-1,-1,-1
-0.002,0,0,-1,0,-1,-1,0,0,-1,0,-1,-1
,-1,-1,-1,-1,0,-1,-1,-1,-1,-1,0,-1
,-1,-1,-1,-1,-1,-1,-1,-1,-1,-1,-1,-1
,-1,-1,-1,-1,-1,-1,-1,-1,-1,-1,-1,-1
-0.002,0,0,-1,-1,0,-1,0,0,-1,-1,0,-1
,-1,-1,-1,0,-1,-1,-1,-1,-1,0,-1,-1
,-1,-1,-1,-1,-1,-1,-1,-1,-1,-1,-1,-1
,-1,-1,-1,-1,-1,-1,-1,-1,-1,-1,-1,-1
-0.002,0,0,-1,-1,0,-1,0,0,-1,-1,0,-1
,-1,-1,-1,-1,0,-1,-1,-1,-1,-1,0,-1
,-1,-1,-1,-1,-1,-1,-1,-1,-1,-1,-1,-1
,-1,-1,-1,-1,-1,-1,-1,-1,-1,-1,-1,-1
-0.002,0,-1,0,-1,-1,-1,0,-1,0,-1,-1,-1
,-1,-1,-1,0,-1,0,-1,-1,-1,0,-1,0
,-1,-1,-1,-1,-1,-1,-1,-1,-1,-1,-1,-1
,-1,-1,-1,-1,-1,-1,-1,-1,-1,-1,-1,-1
-0.002,0,-1,0,-1,-1,-1,0,-1,0,-1,-1,-1
,-1,-1,-1,-1,0,0,-1,-1,-1,-1,0,0
,-1,-1,-1,-1,-1,-1,-1,-1,-1,-1,-1,-1
,-1,-1,-1,-1,-1,-1,-1,-1,-1,-1,-1,-1
-0.002,0,-1,0,0,-1,-1,0,-1,0,0,-1,-1
,-1,-1,-1,0,-1,-1,-1,-1,-1,0,-1,-1
,-1,-1,-1,-1,-1,-1,-1,-1,-1,-1,-1,-1
,-1,-1,-1,-1,-1,-1,-1,-1,-1,-1,-1,-1
-0.002,0,-1,0,0,-1,-1,0,-1,0,0,-1,-1
,-1,-1,-1,-1,0,-1,-1,-1,-1,-1,0,-1
,-1,-1,-1,-1,-1,-1,-1,-1,-1,-1,-1,-1
,-1,-1,-1,-1,-1,-1,-1,-1,-1,-1,-1,-1
-0.002,0,-1,0,-1,0,-1,0,-1,0,-1,0,-1
,-1,-1,-1,0,-1,-1,-1,-1,-1,0,-1,-1
,-1,-1,-1,-1,-1,-1,-1,-1,-1,-1,-1,-1
,-1,-1,-1,-1,-1,-1,-1,-1,-1,-1,-1,-1
-0.002,0,-1,0,-1,0,-1,0,-1,0,-1,0,-1
,-1,-1,-1,-1,0,-1,-1,-1,-1,-1,0,-1
,-1,-1,-1,-1,-1,-1,-1,-1,-1,-1,-1,-1
,-1,-1,-1,-1,-1,-1,-1,-1,-1,-1,-1,-1
-0.002,-1,-1,0,0,-1,0,-1,-1,0,0,-1,0
,-1,-1,-1,-1,0,-1,-1,-1,-1,-1,0,-1
,-1,-1,-1,-1,-1,-1,-1,-1,-1,-1,-1,-1
,-1,-1,-1,-1,-1,-1,-1,-1,-1,-1,-1,-1
-0.002,-1,-1,0,-1,0,0,-1,-1,0,-1,0,0
,-1,-1,-1,0,-1,-1,-1,-1,-1,0,-1,-1
,-1,-1,-1,-1,-1,-1,-1,-1,-1,-1,-1,-1
,-1,-1,-1,-1,-1,-1,-1,-1,-1,-1,-1,-1
-0.002,-1,-1,0,-1,-1,-1,-1,-1,0,-1,-1,-1
,-1,-1,0,-1,-1,-1,-1,-1,0,-1,-1,-1
,-1,-1,-1,-1,-1,0,-1,-1,-1,-1,-1,0
,-1,-1,-1,-1,-1,-1,-1,-1,-1,-1,-1,-1
-0.004,0,-1,-1,-1,-1,-1,0,-1,-1,-1,-1,-1
,0,0,0,-1,-1,-1,0,0,0,-1,-1,-1
,-1,-1,-1,-1,-1,-1,-1,-1,-1,-1,-1,-1
,-1,-1,-1,-1,-1,-1,-1,-1,-1,-1,-1,-1
-0.004,0,-1,-1,-1,-1,-1,0,-1,-1,-1,-1,-1
,0,-1,0,0,-1,-1,0,-1,0,0,-1,-1
,-1,-1,-1,-1,-1,-1,-1,-1,-1,-1,-1,-1
,-1,-1,-1,-1,-1,-1,-1,-1,-1,-1,-1,-1
-0.004,0,-1,-1,-1,-1,-1,0,-1,-1,-1,-1,-1
,0,-1,0,-1,0,-1,0,-1,0,-1,0,-1
,-1,-1,-1,-1,-1,-1,-1,-1,-1,-1,-1,-1
,-1,-1,-1,-1,-1,-1,-1,-1,-1,-1,-1,-1
-0.004,-1,0,0,-1,-1,-1,-1,0,0,-1,-1,-1
,-1,-1,-1,0,-1,-1,-1,-1,-1,0,-1,-1
,-1,-1,-1,-1,-1,-1,-1,-1,-1,-1,-1,-1
,-1,-1,-1,-1,-1,-1,-1,-1,-1,-1,-1,-1
-0.004,-1,0,0,-1,-1,-1,-1,0,0,-1,-1,-1
,-1,-1,-1,-1,0,-1,-1,-1,-1,-1,0,-1
,-1,-1,-1,-1,-1,-1,-1,-1,-1,-1,-1,-1
,-1,-1,-1,-1,-1,-1,-1,-1,-1,-1,-1,-1
-0.004,-1,0,-1,0,-1,-1,-1,0,-1,0,-1,-1
,-1,-1,-1,-1,-1,0,-1,-1,-1,-1,-1,0
,-1,-1,-1,-1,-1,-1,-1,-1,-1,-1,-1,-1
,-1,-1,-1,-1,-1,-1,-1,-1,-1,-1,-1,-1
-0.004,-1,0,-1,-1,0,-1,-1,0,-1,-1,0,-1
,-1,-1,-1,-1,-1,0,-1,-1,-1,-1,-1,0
,-1,-1,-1,-1,-1,-1,-1,-1,-1,-1,-1,-1
,-1,-1,-1,-1,-1,-1,-1,-1,-1,-1,-1,-1
-0.008,0,-1,-1,-1,-1,-1,0,-1,-1,-1,-1,-1
,-1,0,-1,0,-1,-1,-1,0,-1,0,-1,-1
,-1,-1,-1,-1,-1,-1,-1,-1,-1,-1,-1,-1
,-1,-1,-1,-1,-1,-1,-1,-1,-1,-1,-1,-1
-0.008,0,-1,-1,-1,-1,-1,0,-1,-1,-1,-1,-1
,-1,0,-1,-1,0,-1,-1,0,-1,-1,0,-1
,-1,-1,-1,-1,-1,-1,-1,-1,-1,-1,-1,-1
,-1,-1,-1,-1,-1,-1,-1,-1,-1,-1,-1,-1
-0.032,-1,-1,0,-1,-1,-1,-1,-1,0,-1,-1,-1
,-1,-1,-1,-1,-1,0,-1,-1,-1,-1,-1,0
,-1,-1,-1,-1,-1,0,-1,-1,-1,-1,-1,0
,-1,-1,-1,-1,-1,-1,-1,-1,-1,-1,-1,-1
-0.138,0,-1,-1,-1,-1,-1,0,-1,-1,-1,-1,-1
,-1,-1,-1,-1,-1,0,-1,-1,-1,-1,-1,0
,-1,-1,-1,-1,-1,-1,-1,-1,-1,-1,-1,-1
,-1,-1,-1,-1,-1,-1,-1,-1,-1,-1,-1,-1
-0.043,-1,-1,0,0,0,-1,-1,-1,0,0,0,-1
,-1,-1,-1,-1,-1,0,-1,-1,-1,-1,-1,0
,-1,-1,-1,-1,-1,-1,-1,-1,-1,-1,-1,-1
,-1,-1,-1,-1,-1,-1,-1,-1,-1,-1,-1,-1
-0.086,0,-1,0,0,-1,-1,0,-1,0,0,-1,-1
,-1,-1,-1,-1,-1,0,-1,-1,-1,-1,-1,0
,-1,-1,-1,-1,-1,-1,-1,-1,-1,-1,-1,-1
,-1,-1,-1,-1,-1,-1,-1,-1,-1,-1,-1,-1
-0.086,0,-1,0,-1,0,-1,0,-1,0,-1,0,-1
,-1,-1,-1,-1,-1,0,-1,-1,-1,-1,-1,0
,-1,-1,-1,-1,-1,-1,-1,-1,-1,-1,-1,-1
,-1,-1,-1,-1,-1,-1,-1,-1,-1,-1,-1,-1
-0.003,0,-1,0,-1,-1,-1,0,-1,0,-1,-1,-1
,-1,-1,-1,-1,-1,0,-1,-1,-1,-1,-1,0
,-1,-1,-1,-1,-1,0,-1,-1,-1,-1,-1,0
,-1,-1,-1,-1,-1,-1,-1,-1,-1,-1,-1,-1
-0.003,-1,0,-1,0,-1,0,-1,0,-1,0,-1,0
,-1,-1,-1,-1,-1,0,-1,-1,-1,-1,-1,0
,-1,-1,-1,-1,-1,-1,-1,-1,-1,-1,-1,-1
,-1,-1,-1,-1,-1,-1,-1,-1,-1,-1,-1,-1
-0.003,-1,0,-1,-1,0,0,-1,0,-1,-1,0,0
,-1,-1,-1,-1,-1,0,-1,-1,-1,-1,-1,0
,-1,-1,-1,-1,-1,-1,-1,-1,-1,-1,-1,-1
,-1,-1,-1,-1,-1,-1,-1,-1,-1,-1,-1,-1
-0.006,0,-1,-1,-1,-1,-1,0,-1,-1,-1,-1,-1
,-1,-1,0,0,-1,0,-1,-1,0,0,-1,0
,-1,-1,-1,-1,-1,-1,-1,-1,-1,-1,-1,-1
,-1,-1,-1,-1,-1,-1,-1,-1,-1,-1,-1,-1
-0.006,0,-1,-1,-1,-1,-1,0,-1,-1,-1,-1,-1
,-1,-1,0,-1,0,0,-1,-1,0,-1,0,0
,-1,-1,-1,-1,-1,-1,-1,-1,-1,-1,-1,-1
,-1,-1,-1,-1,-1,-1,-1,-1,-1,-1,-1,-1
-0.006,0,0,0,-1,-1,-1,0,0,0,-1,-1,-1
,-1,-1,0,-1,-1,-1,-1,-1,0,-1,-1,-1
,-1,-1,-1,-1,-1,-1,-1,-1,-1,-1,-1,-1
,-1,-1,-1,-1,-1,-1,-1,-1,-1,-1,-1,-1
-0.006,0,-1,-1,-1,-1,-1,0,-1,-1,-1,-1,-1
,0,-1,-1,-1,-1,-1,0,-1,-1,-1,-1,-1
,-1,-1,-1,0,0,-1,-1,-1,-1,0,0,-1
,-1,-1,-1,-1,-1,-1,-1,-1,-1,-1,-1,-1
-0.006,-1,-1,-1,0,0,0,-1,-1,-1,0,0,0
,-1,-1,-1,-1,-1,0,-1,-1,-1,-1,-1,0
,-1,-1,-1,-1,-1,-1,-1,-1,-1,-1,-1,-1
,-1,-1,-1,-1,-1,-1,-1,-1,-1,-1,-1,-1
-0.009,0,-1,-1,-1,-1,-1,0,-1,-1,-1,-1,-1
,0,0,-1,-1,-1,-1,0,0,-1,-1,-1,-1
,-1,-1,-1,-1,-1,-1,-1,-1,-1,-1,-1,-1
,-1,-1,-1,-1,-1,-1,-1,-1,-1,-1,-1,-1
-0.01,-1,0,-1,0,0,-1,-1,0,-1,0,0,-1
,-1,-1,-1,-1,-1,0,-1,-1,-1,-1,-1,0
,-1,-1,-1,-1,-1,-1,-1,-1,-1,-1,-1,-1
,-1,-1,-1,-1,-1,-1,-1,-1,-1,-1,-1,-1
-0.007,0,-1,-1,-1,-1,-1,0,-1,-1,-1,-1,-1
,-1,-1,0,0,-1,-1,-1,-1,0,0,-1,-1
,-1,-1,-1,-1,-1,-1,-1,-1,-1,-1,-1,-1
,-1,-1,-1,-1,-1,-1,-1,-1,-1,-1,-1,-1
-0.007,0,-1,-1,-1,-1,-1,0,-1,-1,-1,-1,-1
,-1,-1,0,-1,0,-1,-1,-1,0,-1,0,-1
,-1,-1,-1,-1,-1,-1,-1,-1,-1,-1,-1,-1
,-1,-1,-1,-1,-1,-1,-1,-1,-1,-1,-1,-1
-0.014,0,-1,-1,-1,-1,-1,0,-1,-1,-1,-1,-1
,0,-1,0,-1,-1,-1,0,-1,0,-1,-1,-1
,-1,-1,-1,-1,-1,-1,-1,-1,-1,-1,-1,-1
,-1,-1,-1,-1,-1,-1,-1,-1,-1,-1,-1,-1
-0.014,0,0,-1,-1,-1,-1,0,0,-1,-1,-1,-1
,-1,-1,-1,-1,-1,0,-1,-1,-1,-1,-1,0
,-1,-1,-1,-1,-1,0,-1,-1,-1,-1,-1,0
,-1,-1,-1,-1,-1,-1,-1,-1,-1,-1,-1,-1
-0.028,0,0,-1,0,-1,-1,0,0,-1,0,-1,-1
,-1,-1,-1,-1,-1,0,-1,-1,-1,-1,-1,0
,-1,-1,-1,-1,-1,-1,-1,-1,-1,-1,-1,-1
,-1,-1,-1,-1,-1,-1,-1,-1,-1,-1,-1,-1
-0.028,0,0,-1,-1,0,-1,0,0,-1,-1,0,-1
,-1,-1,-1,-1,-1,0,-1,-1,-1,-1,-1,0
,-1,-1,-1,-1,-1,-1,-1,-1,-1,-1,-1,-1
,-1,-1,-1,-1,-1,-1,-1,-1,-1,-1,-1,-1
0.061,0,-1,-1,-1,-1,-1,0,-1,-1,-1,-1,-1
,-1,-1,-1,0,-1,-1,-1,-1,-1,0,-1,-1
,-1,-1,-1,-1,-1,0,-1,-1,-1,-1,-1,0
,-1,-1,-1,-1,-1,-1,-1,-1,-1,-1,-1,-1
0.061,0,-1,-1,-1,-1,-1,0,-1,-1,-1,-1,-1
,-1,-1,-1,-1,0,-1,-1,-1,-1,-1,0,-1
,-1,-1,-1,-1,-1,0,-1,-1,-1,-1,-1,0
,-1,-1,-1,-1,-1,-1,-1,-1,-1,-1,-1,-1
0.001,0,-1,-1,-1,-1,-1,0,-1,-1,-1,-1,-1
,-1,-1,0,-1,-1,-1,-1,-1,0,-1,-1,-1
,-1,-1,-1,0,0,-1,-1,-1,-1,0,0,-1
,-1,-1,-1,-1,-1,-1,-1,-1,-1,-1,-1,-1
0.001,-1,0,0,-1,-1,-1,-1,0,0,-1,-1,-1
,-1,-1,-1,0,-1,-1,-1,-1,-1,0,-1,-1
,-1,-1,-1,-1,-1,0,-1,-1,-1,-1,-1,0
,-1,-1,-1,-1,-1,-1,-1,-1,-1,-1,-1,-1
0.001,-1,0,0,-1,-1,-1,-1,0,0,-1,-1,-1
,-1,-1,-1,-1,0,-1,-1,-1,-1,-1,0,-1
,-1,-1,-1,-1,-1,0,-1,-1,-1,-1,-1,0
,-1,-1,-1,-1,-1,-1,-1,-1,-1,-1,-1,-1
0.001,-1,0,-1,0,-1,-1,-1,0,-1,0,-1,-1
,-1,-1,0,-1,-1,-1,-1,-1,0,-1,-1,-1
,-1,-1,-1,-1,-1,0,-1,-1,-1,-1,-1,0
,-1,-1,-1,-1,-1,-1,-1,-1,-1,-1,-1,-1
0.001,-1,0,-1,-1,0,-1,-1,0,-1,-1,0,-1
,-1,-1,0,-1,-1,-1,-1,-1,0,-1,-1,-1
,-1,-1,-1,-1,-1,0,-1,-1,-1,-1,-1,0
,-1,-1,-1,-1,-1,-1,-1,-1,-1,-1,-1,-1
0.001,-1,-1,0,-1,-1,-1,-1,-1,0,-1,-1,-1
,-1,-1,-1,0,-1,-1,-1,-1,-1,0,-1,-1
,-1,-1,-1,-1,-1,0,-1,-1,-1,-1,-1,0
,-1,-1,-1,-1,-1,-1,-1,-1,-1,-1,-1,-1
0.001,-1,-1,0,-1,-1,-1,-1,-1,0,-1,-1,-1
,-1,-1,-1,-1,0,-1,-1,-1,-1,-1,0,-1
,-1,-1,-1,-1,-1,0,-1,-1,-1,-1,-1,0
,-1,-1,-1,-1,-1,-1,-1,-1,-1,-1,-1,-1
0.002,0,-1,-1,-1,-1,-1,0,-1,-1,-1,-1,-1
,-1,0,-1,-1,-1,-1,-1,0,-1,-1,-1,-1
,-1,-1,-1,-1,-1,0,-1,-1,-1,-1,-1,0
,-1,-1,-1,-1,-1,0,-1,-1,-1,-1,-1,0
0.002,0,-1,-1,-1,-1,-1,0,-1,-1,-1,-1,-1
,-1,-1,-1,0,-1,-1,-1,-1,-1,0,-1,-1
,-1,-1,-1,0,-1,0,-1,-1,-1,0,-1,0
,-1,-1,-1,-1,-1,-1,-1,-1,-1,-1,-1,-1
0.002,0,-1,-1,-1,-1,-1,0,-1,-1,-1,-1,-1
,-1,-1,-1,-1,0,-1,-1,-1,-1,-1,0,-1
,-1,-1,-1,-1,0,0,-1,-1,-1,-1,0,0
,-1,-1,-1,-1,-1,-1,-1,-1,-1,-1,-1,-1
0.002,0,0,-1,-1,-1,-1,0,0,-1,-1,-1,-1
,-1,-1,0,-1,-1,-1,-1,-1,0,-1,-1,-1
,-1,-1,-1,-1,-1,0,-1,-1,-1,-1,-1,0
,-1,-1,-1,-1,-1,-1,-1,-1,-1,-1,-1,-1
0.002,-1,-1,0,-1,-1,-1,-1,-1,0,-1,-1,-1
,-1,-1,0,0,-1,-1,-1,-1,0,0,-1,-1
,-1,-1,-1,-1,-1,0,-1,-1,-1,-1,-1,0
,-1,-1,-1,-1,-1,-1,-1,-1,-1,-1,-1,-1
0.002,-1,-1,0,-1,-1,-1,-1,-1,0,-1,-1,-1
,-1,-1,0,-1,0,-1,-1,-1,0,-1,0,-1
,-1,-1,-1,-1,-1,0,-1,-1,-1,-1,-1,0
,-1,-1,-1,-1,-1,-1,-1,-1,-1,-1,-1,-1
0.004,0,-1,-1,-1,-1,-1,0,-1,-1,-1,-1,-1
,0,-1,-1,-1,-1,-1,0,-1,-1,-1,-1,-1
,-1,-1,-1,0,-1,-1,-1,-1,-1,0,-1,-1
,-1,-1,-1,-1,-1,0,-1,-1,-1,-1,-1,0
0.004,0,-1,-1,-1,-1,-1,0,-1,-1,-1,-1,-1
,0,-1,-1,-1,-1,-1,0,-1,-1,-1,-1,-1
,-1,-1,-1,-1,0,-1,-1,-1,-1,-1,0,-1
,-1,-1,-1,-1,-1,0,-1,-1,-1,-1,-1,0
0.008,0,-1,-1,-1,-1,-1,0,-1,-1,-1,-1,-1
,-1,-1,0,-1,-1,-1,-1,-1,0,-1,-1,-1
,-1,-1,-1,-1,-1,0,-1,-1,-1,-1,-1,0
,-1,-1,-1,-1,-1,-1,-1,-1,-1,-1,-1,-1
0.034,0,-1,-1,-1,-1,-1,0,-1,-1,-1,-1,-1
,-1,-1,-1,0,0,-1,-1,-1,-1,0,0,-1
,-1,-1,-1,-1,-1,0,-1,-1,-1,-1,-1,0
,-1,-1,-1,-1,-1,-1,-1,-1,-1,-1,-1,-1
0.003,0,-1,-1,-1,-1,-1,0,-1,-1,-1,-1,-1
,-1,-1,-1,0,-1,-1,-1,-1,-1,0,-1,-1
,-1,-1,-1,-1,0,-1,-1,-1,-1,-1,0,-1
,-1,-1,-1,-1,-1,-1,-1,-1,-1,-1,-1,-1
0.003,0,-1,-1,-1,-1,-1,0,-1,-1,-1,-1,-1
,-1,-1,-1,0,-1,-1,-1,-1,-1,0,-1,-1
,-1,-1,-1,-1,0,0,-1,-1,-1,-1,0,0
,-1,-1,-1,-1,-1,-1,-1,-1,-1,-1,-1,-1
0.003,0,-1,-1,-1,-1,-1,0,-1,-1,-1,-1,-1
,-1,-1,-1,0,-1,0,-1,-1,-1,0,-1,0
,-1,-1,-1,-1,0,-1,-1,-1,-1,-1,0,-1
,-1,-1,-1,-1,-1,-1,-1,-1,-1,-1,-1,-1
0.006,0,-1,0,-1,-1,-1,0,-1,0,-1,-1,-1
,-1,-1,0,-1,-1,-1,-1,-1,0,-1,-1,-1
,-1,-1,-1,-1,-1,0,-1,-1,-1,-1,-1,0
,-1,-1,-1,-1,-1,-1,-1,-1,-1,-1,-1,-1
0.009,0,-1,-1,-1,-1,-1,0,-1,-1,-1,-1,-1
,-1,0,0,-1,-1,-1,-1,0,0,-1,-1,-1
,-1,-1,-1,-1,-1,0,-1,-1,-1,-1,-1,0
,-1,-1,-1,-1,-1,-1,-1,-1,-1,-1,-1,-1
0.005,0,-1,-1,-1,-1,-1,0,-1,-1,-1,-1,-1
,-1,0,-1,-1,-1,-1,-1,0,-1,-1,-1,-1
,-1,-1,-1,-1,-1,0,-1,-1,-1,-1,-1,0
,-1,-1,-1,-1,-1,-1,-1,-1,-1,-1,-1,-1
-0.015,0,-1,-1,-1,-1,-1,0,-1,-1,-1,-1,-1
,0,-1,0,-1,-1,-1,0,-1,0,-1,-1,-1
,-1,-1,-1,-1,-1,0,-1,-1,-1,-1,-1,0
,-1,-1,-1,-1,-1,-1,-1,-1,-1,-1,-1,-1
-0.001,0,-1,-1,-1,-1,-1,0,-1,-1,-1,-1,-1
,-1,-1,0,-1,-1,-1,-1,-1,0,-1,-1,-1
,-1,-1,-1,-1,-1,0,-1,-1,-1,-1,-1,0
,-1,-1,-1,-1,-1,0,-1,-1,-1,-1,-1,0
-0.001,0,-1,-1,-1,-1,-1,0,-1,-1,-1,-1,-1
,-1,-1,-1,0,-1,-1,-1,-1,-1,0,-1,-1
,-1,-1,-1,0,0,-1,-1,-1,-1,0,0,-1
,-1,-1,-1,-1,-1,-1,-1,-1,-1,-1,-1,-1
-0.001,0,-1,-1,-1,-1,-1,0,-1,-1,-1,-1,-1
,-1,-1,-1,0,0,-1,-1,-1,-1,0,0,-1
,-1,-1,-1,-1,0,-1,-1,-1,-1,-1,0,-1
,-1,-1,-1,-1,-1,-1,-1,-1,-1,-1,-1,-1
-0.001,0,0,-1,-1,-1,-1,0,0,-1,-1,-1,-1
,-1,-1,-1,0,-1,-1,-1,-1,-1,0,-1,-1
,-1,-1,-1,-1,-1,0,-1,-1,-1,-1,-1,0
,-1,-1,-1,-1,-1,-1,-1,-1,-1,-1,-1,-1
-0.001,0,0,-1,-1,-1,-1,0,0,-1,-1,-1,-1
,-1,-1,-1,-1,0,-1,-1,-1,-1,-1,0,-1
,-1,-1,-1,-1,-1,0,-1,-1,-1,-1,-1,0
,-1,-1,-1,-1,-1,-1,-1,-1,-1,-1,-1,-1
-0.001,-1,0,-1,-1,-1,-1,-1,0,-1,-1,-1,-1
,-1,-1,0,-1,-1,-1,-1,-1,0,-1,-1,-1
,-1,-1,-1,-1,-1,0,-1,-1,-1,-1,-1,0
,-1,-1,-1,-1,-1,-1,-1,-1,-1,-1,-1,-1
-0.002,0,-1,-1,-1,-1,-1,0,-1,-1,-1,-1,-1
,-1,-1,0,-1,-1,-1,-1,-1,0,-1,-1,-1
,-1,-1,-1,0,-1,-1,-1,-1,-1,0,-1,-1
,-1,-1,-1,-1,-1,-1,-1,-1,-1,-1,-1,-1
-0.002,0,-1,-1,-1,-1,-1,0,-1,-1,-1,-1,-1
,-1,-1,0,-1,-1,-1,-1,-1,0,-1,-1,-1
,-1,-1,-1,0,-1,0,-1,-1,-1,0,-1,0
,-1,-1,-1,-1,-1,-1,-1,-1,-1,-1,-1,-1
-0.002,0,-1,-1,-1,-1,-1,0,-1,-1,-1,-1,-1
,-1,-1,0,-1,-1,-1,-1,-1,0,-1,-1,-1
,-1,-1,-1,-1,0,-1,-1,-1,-1,-1,0,-1
,-1,-1,-1,-1,-1,-1,-1,-1,-1,-1,-1,-1
-0.002,0,-1,-1,-1,-1,-1,0,-1,-1,-1,-1,-1
,-1,-1,0,-1,-1,-1,-1,-1,0,-1,-1,-1
,-1,-1,-1,-1,0,0,-1,-1,-1,-1,0,0
,-1,-1,-1,-1,-1,-1,-1,-1,-1,-1,-1,-1
-0.002,0,-1,-1,-1,-1,-1,0,-1,-1,-1,-1,-1
,-1,-1,0,0,-1,-1,-1,-1,0,0,-1,-1
,-1,-1,-1,-1,-1,0,-1,-1,-1,-1,-1,0
,-1,-1,-1,-1,-1,-1,-1,-1,-1,-1,-1,-1
-0.002,0,-1,-1,-1,-1,-1,0,-1,-1,-1,-1,-1
,-1,-1,0,-1,0,-1,-1,-1,0,-1,0,-1
,-1,-1,-1,-1,-1,0,-1,-1,-1,-1,-1,0
,-1,-1,-1,-1,-1,-1,-1,-1,-1,-1,-1,-1
-0.002,0,-1,0,-1,-1,-1,0,-1,0,-1,-1,-1
,-1,-1,-1,0,-1,-1,-1,-1,-1,0,-1,-1
,-1,-1,-1,-1,-1,0,-1,-1,-1,-1,-1,0
,-1,-1,-1,-1,-1,-1,-1,-1,-1,-1,-1,-1
-0.002,0,-1,0,-1,-1,-1,0,-1,0,-1,-1,-1
,-1,-1,-1,-1,0,-1,-1,-1,-1,-1,0,-1
,-1,-1,-1,-1,-1,0,-1,-1,-1,-1,-1,0
,-1,-1,-1,-1,-1,-1,-1,-1,-1,-1,-1,-1
-0.011,0,-1,-1,-1,-1,-1,0,-1,-1,-1,-1,-1
,0,0,-1,-1,-1,-1,0,0,-1,-1,-1,-1
,-1,-1,-1,-1,-1,0,-1,-1,-1,-1,-1,0
,-1,-1,-1,-1,-1,-1,-1,-1,-1,-1,-1,-1
-0.003,0,-1,-1,-1,-1,-1,0,-1,-1,-1,-1,-1
,-1,0,-1,0,-1,-1,-1,0,-1,0,-1,-1
,-1,-1,-1,-1,-1,0,-1,-1,-1,-1,-1,0
,-1,-1,-1,-1,-1,-1,-1,-1,-1,-1,-1,-1
-0.003,0,-1,-1,-1,-1,-1,0,-1,-1,-1,-1,-1
,-1,0,-1,-1,0,-1,-1,0,-1,-1,0,-1
,-1,-1,-1,-1,-1,0,-1,-1,-1,-1,-1,0
,-1,-1,-1,-1,-1,-1,-1,-1,-1,-1,-1,-1
-0.003,-1,0,0,-1,-1,-1,-1,0,0,-1,-1,-1
,-1,-1,0,-1,-1,-1,-1,-1,0,-1,-1,-1
,-1,-1,-1,-1,-1,0,-1,-1,-1,-1,-1,0
,-1,-1,-1,-1,-1,-1,-1,-1,-1,-1,-1,-1
-0.005,0,-1,-1,-1,-1,-1,0,-1,-1,-1,-1,-1
,-1,-1,-1,0,-1,0,-1,-1,-1,0,-1,0
,-1,-1,-1,-1,-1,0,-1,-1,-1,-1,-1,0
,-1,-1,-1,-1,-1,-1,-1,-1,-1,-1,-1,-1
-0.005,0,-1,-1,-1,-1,-1,0,-1,-1,-1,-1,-1
,-1,-1,-1,-1,0,0,-1,-1,-1,-1,0,0
,-1,-1,-1,-1,-1,0,-1,-1,-1,-1,-1,0
,-1,-1,-1,-1,-1,-1,-1,-1,-1,-1,-1,-1
-0.002,0,-1,-1,-1,-1,-1,0,-1,-1,-1,-1,-1
,-1,-1,0,-1,-1,-1,-1,-1,0,-1,-1,-1
,-1,-1,-1,0,-1,-1,-1,-1,-1,0,-1,-1
,-1,-1,-1,-1,-1,0,-1,-1,-1,-1,-1,0
-0.002,0,-1,-1,-1,-1,-1,0,-1,-1,-1,-1,-1
,-1,-1,0,-1,-1,-1,-1,-1,0,-1,-1,-1
,-1,-1,-1,-1,0,-1,-1,-1,-1,-1,0,-1
,-1,-1,-1,-1,-1,0,-1,-1,-1,-1,-1,0
