0.048,-1,-1,-1,-1,-1,-1,-1,-1,-1,-1,-1,-1
,-1,-1,-1,-1,-1,-1,-1,-1,-1,-1,-1,-1
,-1,-1,-1,-1,-1,-1,-1,-1,-1,-1,-1,-1
,-1,-1,-1,-1,-1,-1,-1,-1,-1,-1,-1,-1
0.278,-1,0,0,0,0,-1,-1,0,0,0,0,-1
,-1,-1,-1,-1,-1,-1,-1,-1,-1,-1,-1,-1
,-1,-1,-1,-1,-1,-1,-1,-1,-1,-1,-1,-1
,-1,-1,-1,-1,-1,-1,-1,-1,-1,-1,-1,-1
0.001,-1,0,-1,-1,-1,-1,-1,0,-1,-1,-1,-1
,-1,0,-1,-1,-1,-1,-1,0,-1,-1,-1,-1
,-1,-1,-1,-1,-1,-1,-1,-1,-1,-1,-1,-1
,-1,-1,-1,-1,-1,-1,-1,-1,-1,-1,-1,-1
0.001,-1,0,0,-1,-1,-1,-1,0,0,-1,-1,-1
,-1,0,0,-1,-1,-1,-1,0,0,-1,-1,-1
,-1,-1,-1,-1,-1,-1,-1,-1,-1,-1,-1,-1
,-1,-1,-1,-1,-1,-1,-1,-1,-1,-1,-1,-1
0.001,-1,-1,0,-1,-1,-1,-1,-1,0,-1,-1,-1
,-1,-1,0,-1,-1,-1,-1,-1,0,-1,-1,-1
,-1,-1,-1,-1,-1,-1,-1,-1,-1,-1,-1,-1
,-1,-1,-1,-1,-1,-1,-1,-1,-1,-1,-1,-1
0.001,-1,-1,-1,0,-1,-1,-1,-1,-1,0,-1,-1
,-1,-1,-1,0,-1,-1,-1,-1,-1,0,-1,-1
,-1,-1,-1,-1,-1,-1,-1,-1,-1,-1,-1,-1
,-1,-1,-1,-1,-1,-1,-1,-1,-1,-1,-1,-1
0.001,-1,-1,-1,0,0,-1,-1,-1,-1,0,0,-1
,-1,-1,-1,0,0,-1,-1,-1,-1,0,0,-1
,-1,-1,-1,-1,-1,-1,-1,-1,-1,-1,-1,-1
,-1,-1,-1,-1,-1,-1,-1,-1,-1,-1,-1,-1
0.001,-1,-1,-1,-1,0,-1,-1,-1,-1,-1,0,-1
,-1,-1,-1,-1,0,-1,-1,-1,-1,-1,0,-1
,-1,-1,-1,-1,-1,-1,-1,-1,-1,-1,-1,-1
,-1,-1,-1,-1,-1,-1,-1,-1,-1,-1,-1,-1
0.14,-1,0,0,-1,-1,-1,-1,0,0,-1,-1,-1
,-1,-1,-1,-1,-1,-1,-1,-1,-1,-1,-1,-1
,-1,-1,-1,-1,-1,-1,-1,-1,-1,-1,-1,-1
,-1,-1,-1,-1,-1,-1,-1,-1,-1,-1,-1,-1
0.14,-1,-1,-1,0,0,-1,-1,-1,-1,0,0,-1
,-1,-1,-1,-1,-1,-1,-1,-1,-1,-1,-1,-1
,-1,-1,-1,-1,-1,-1,-1,-1,-1,-1,-1,-1
,-1,-1,-1,-1,-1,-1,-1,-1,-1,-1,-1,-1
0.003,-1,0,-1,0,-1,-1,-1,0,-1,0,-1,-1
,-1,0,-1,0,-1,-1,-1,0,-1,0,-1,-1
,-1,-1,-1,-1,-1,-1,-1,-1,-1,-1,-1,-1
,-1,-1,-1,-1,-1,-1,-1,-1,-1,-1,-1,-1
0.003,-1,0,-1,-1,0,-1,-1,0,-1,-1,0,-1
,-1,0,-1,-1,0,-1,-1,0,-1,-1,0,-1
,-1,-1,-1,-1,-1,-1,-1,-1,-1,-1,-1,-1
,-1,-1,-1,-1,-1,-1,-1,-1,-1,-1,-1,-1
0.003,-1,-1,0,0,-1,-1,-1,-1,0,0,-1,-1
,-1,-1,0,0,-1,-1,-1,-1,0,0,-1,-1
,-1,-1,-1,-1,-1,-1,-1,-1,-1,-1,-1,-1
,-1,-1,-1,-1,-1,-1,-1,-1,-1,-1,-1,-1
0.003,-1,-1,0,-1,0,-1,-1,-1,0,-1,0,-1
,-1,-1,0,-1,0,-1,-1,-1,0,-1,0,-1
,-1,-1,-1,-1,-1,-1,-1,-1,-1,-1,-1,-1
,-1,-1,-1,-1,-1,-1,-1,-1,-1,-1,-1,-1
0.009,0,-1,-1,-1,-1,-1,0,-1,-1,-1,-1,-1
,-1,-1,-1,-1,-1,-1,-1,-1,-1,-1,-1,-1
,-1,-1,-1,-1,-1,-1,-1,-1,-1,-1,-1,-1
,-1,-1,-1,-1,-1,-1,-1,-1,-1,-1,-1,-1
0.009,-1,-1,-1,-1,-1,0,-1,-1,-1,-1,-1,0
,-1,-1,-1,-1,-1,-1,-1,-1,-1,-1,-1,-1
,-1,-1,-1,-1,-1,-1,-1,-1,-1,-1,-1,-1
,-1,-1,-1,-1,-1,-1,-1,-1,-1,-1,-1,-1
0.737,0,0,0,0,-1,-1,0,0,0,0,-1,-1
,-1,-1,-1,-1,-1,-1,-1,-1,-1,-1,-1,-1
,-1,-1,-1,-1,-1,-1,-1,-1,-1,-1,-1,-1
,-1,-1,-1,-1,-1,-1,-1,-1,-1,-1,-1,-1
0.737,0,0,0,-1,0,-1,0,0,0,-1,0,-1
,-1,-1,-1,-1,-1,-1,-1,-1,-1,-1,-1,-1
,-1,-1,-1,-1,-1,-1,-1,-1,-1,-1,-1,-1
,-1,-1,-1,-1,-1,-1,-1,-1,-1,-1,-1,-1
0.737,-1,0,-1,0,0,0,-1,0,-1,0,0,0
,-1,-1,-1,-1,-1,-1,-1,-1,-1,-1,-1,-1
,-1,-1,-1,-1,-1,-1,-1,-1,-1,-1,-1,-1
,-1,-1,-1,-1,-1,-1,-1,-1,-1,-1,-1,-1
0.737,-1,-1,0,0,0,0,-1,-1,0,0,0,0
,-1,-1,-1,-1,-1,-1,-1,-1,-1,-1,-1,-1
,-1,-1,-1,-1,-1,-1,-1,-1,-1,-1,-1,-1
,-1,-1,-1,-1,-1,-1,-1,-1,-1,-1,-1,-1
0.751,0,0,-1,0,-1,0,0,0,-1,0,-1,0
,-1,-1,-1,-1,-1,-1,-1,-1,-1,-1,-1,-1
,-1,-1,-1,-1,-1,-1,-1,-1,-1,-1,-1,-1
,-1,-1,-1,-1,-1,-1,-1,-1,-1,-1,-1,-1
0.751,0,0,-1,-1,0,0,0,0,-1,-1,0,0
,-1,-1,-1,-1,-1,-1,-1,-1,-1,-1,-1,-1
,-1,-1,-1,-1,-1,-1,-1,-1,-1,-1,-1,-1
,-1,-1,-1,-1,-1,-1,-1,-1,-1,-1,-1,-1
0.751,0,-1,0,0,-1,0,0,-1,0,0,-1,0
,-1,-1,-1,-1,-1,-1,-1,-1,-1,-1,-1,-1
,-1,-1,-1,-1,-1,-1,-1,-1,-1,-1,-1,-1
,-1,-1,-1,-1,-1,-1,-1,-1,-1,-1,-1,-1
0.751,0,-1,0,-1,0,0,0,-1,0,-1,0,0
,-1,-1,-1,-1,-1,-1,-1,-1,-1,-1,-1,-1
,-1,-1,-1,-1,-1,-1,-1,-1,-1,-1,-1,-1
,-1,-1,-1,-1,-1,-1,-1,-1,-1,-1,-1,-1
0.026,0,-1,-1,-1,-1,-1,0,-1,-1,-1,-1,-1
,0,-1,-1,-1,-1,-1,0,-1,-1,-1,-1,-1
,-1,-1,-1,-1,-1,-1,-1,-1,-1,-1,-1,-1
,-1,-1,-1,-1,-1,-1,-1,-1,-1,-1,-1,-1
0.026,-1,-1,-1,-1,-1,0,-1,-1,-1,-1,-1,0
,-1,-1,-1,-1,-1,0,-1,-1,-1,-1,-1,0
,-1,-1,-1,-1,-1,-1,-1,-1,-1,-1,-1,-1
,-1,-1,-1,-1,-1,-1,-1,-1,-1,-1,-1,-1
0.029,-1,0,-1,0,-1,-1,-1,0,-1,0,-1,-1
,-1,-1,-1,-1,-1,-1,-1,-1,-1,-1,-1,-1
,-1,-1,-1,-1,-1,-1,-1,-1,-1,-1,-1,-1
,-1,-1,-1,-1,-1,-1,-1,-1,-1,-1,-1,-1
0.029,-1,0,-1,-1,0,-1,-1,0,-1,-1,0,-1
,-1,-1,-1,-1,-1,-1,-1,-1,-1,-1,-1,-1
,-1,-1,-1,-1,-1,-1,-1,-1,-1,-1,-1,-1
,-1,-1,-1,-1,-1,-1,-1,-1,-1,-1,-1,-1
0.029,-1,-1,0,0,-1,-1,-1,-1,0,0,-1,-1
,-1,-1,-1,-1,-1,-1,-1,-1,-1,-1,-1,-1
,-1,-1,-1,-1,-1,-1,-1,-1,-1,-1,-1,-1
,-1,-1,-1,-1,-1,-1,-1,-1,-1,-1,-1,-1
0.029,-1,-1,0,-1,0,-1,-1,-1,0,-1,0,-1
,-1,-1,-1,-1,-1,-1,-1,-1,-1,-1,-1,-1
,-1,-1,-1,-1,-1,-1,-1,-1,-1,-1,-1,-1
,-1,-1,-1,-1,-1,-1,-1,-1,-1,-1,-1,-1
-0.122,-1,0,0,0,-1,-1,-1,0,0,0,-1,-1
,-1,-1,-1,-1,-1,-1,-1,-1,-1,-1,-1,-1
,-1,-1,-1,-1,-1,-1,-1,-1,-1,-1,-1,-1
,-1,-1,-1,-1,-1,-1,-1,-1,-1,-1,-1,-1
-0.122,-1,0,0,-1,0,-1,-1,0,0,-1,0,-1
,-1,-1,-1,-1,-1,-1,-1,-1,-1,-1,-1,-1
,-1,-1,-1,-1,-1,-1,-1,-1,-1,-1,-1,-1
,-1,-1,-1,-1,-1,-1,-1,-1,-1,-1,-1,-1
-0.122,-1,0,-1,0,0,-1,-1,0,-1,0,0,-1
,-1,-1,-1,-1,-1,-1,-1,-1,-1,-1,-1,-1
,-1,-1,-1,-1,-1,-1,-1,-1,-1,-1,-1,-1
,-1,-1,-1,-1,-1,-1,-1,-1,-1,-1,-1,-1
-0.122,-1,-1,0,0,0,-1,-1,-1,0,0,0,-1
,-1,-1,-1,-1,-1,-1,-1,-1,-1,-1,-1,-1
,-1,-1,-1,-1,-1,-1,-1,-1,-1,-1,-1,-1
,-1,-1,-1,-1,-1,-1,-1,-1,-1,-1,-1,-1
-0.001,-1,0,-1,-1,-1,-1,-1,0,-1,-1,-1,-1
,-1,-1,-1,-1,-1,-1,-1,-1,-1,-1,-1,-1
,-1,-1,-1,-1,-1,-1,-1,-1,-1,-1,-1,-1
,-1,-1,-1,-1,-1,-1,-1,-1,-1,-1,-1,-1
-0.001,-1,-1,0,-1,-1,-1,-1,-1,0,-1,-1,-1
,-1,-1,-1,-1,-1,-1,-1,-1,-1,-1,-1,-1
,-1,-1,-1,-1,-1,-1,-1,-1,-1,-1,-1,-1
,-1,-1,-1,-1,-1,-1,-1,-1,-1,-1,-1,-1
-0.001,-1,-1,-1,0,-1,-1,-1,-1,-1,0,-1,-1
,-1,-1,-1,-1,-1,-1,-1,-1,-1,-1,-1,-1
,-1,-1,-1,-1,-1,-1,-1,-1,-1,-1,-1,-1
,-1,-1,-1,-1,-1,-1,-1,-1,-1,-1,-1,-1
-0.001,-1,-1,-1,-1,0,-1,-1,-1,-1,-1,0,-1
,-1,-1,-1,-1,-1,-1,-1,-1,-1,-1,-1,-1
,-1,-1,-1,-1,-1,-1,-1,-1,-1,-1,-1,-1
,-1,-1,-1,-1,-1,-1,-1,-1,-1,-1,-1,-1
-0.002,0,0,-1,-1,-1,-1,0,0,-1,-1,-1,-1
,0,0,-1,-1,-1,-1,0,0,-1,-1,-1,-1
,-1,-1,-1,-1,-1,-1,-1,-1,-1,-1,-1,-1
,-1,-1,-1,-1,-1,-1,-1,-1,-1,-1,-1,-1
-0.002,0,-1,0,-1,-1,-1,0,-1,0,-1,-1,-1
,0,-1,0,-1,-1,-1,0,-1,0,-1,-1,-1
,-1,-1,-1,-1,-1,-1,-1,-1,-1,-1,-1,-1
,-1,-1,-1,-1,-1,-1,-1,-1,-1,-1,-1,-1
-0.002,-1,-1,-1,0,-1,0,-1,-1,-1,0,-1,0
,-1,-1,-1,0,-1,0,-1,-1,-1,0,-1,0
,-1,-1,-1,-1,-1,-1,-1,-1,-1,-1,-1,-1
,-1,-1,-1,-1,-1,-1,-1,-1,-1,-1,-1,-1
-0.002,-1,-1,-1,-1,0,0,-1,-1,-1,-1,0,0
,-1,-1,-1,-1,0,0,-1,-1,-1,-1,0,0
,-1,-1,-1,-1,-1,-1,-1,-1,-1,-1,-1,-1
,-1,-1,-1,-1,-1,-1,-1,-1,-1,-1,-1,-1
-0.033,0,0,-1,-1,-1,-1,0,0,-1,-1,-1,-1
,-1,-1,-1,-1,-1,-1,-1,-1,-1,-1,-1,-1
,-1,-1,-1,-1,-1,-1,-1,-1,-1,-1,-1,-1
,-1,-1,-1,-1,-1,-1,-1,-1,-1,-1,-1,-1
-0.033,0,-1,0,-1,-1,-1,0,-1,0,-1,-1,-1
,-1,-1,-1,-1,-1,-1,-1,-1,-1,-1,-1,-1
,-1,-1,-1,-1,-1,-1,-1,-1,-1,-1,-1,-1
,-1,-1,-1,-1,-1,-1,-1,-1,-1,-1,-1,-1
-0.033,-1,-1,-1,0,-1,0,-1,-1,-1,0,-1,0
,-1,-1,-1,-1,-1,-1,-1,-1,-1,-1,-1,-1
,-1,-1,-1,-1,-1,-1,-1,-1,-1,-1,-1,-1
,-1,-1,-1,-1,-1,-1,-1,-1,-1,-1,-1,-1
-0.033,-1,-1,-1,-1,0,0,-1,-1,-1,-1,0,0
,-1,-1,-1,-1,-1,-1,-1,-1,-1,-1,-1,-1
,-1,-1,-1,-1,-1,-1,-1,-1,-1,-1,-1,-1
,-1,-1,-1,-1,-1,-1,-1,-1,-1,-1,-1,-1
-0.815,0,0,-1,0,-1,-1,0,0,-1,0,-1,-1
,-1,-1,-1,-1,-1,-1,-1,-1,-1,-1,-1,-1
,-1,-1,-1,-1,-1,-1,-1,-1,-1,-1,-1,-1
,-1,-1,-1,-1,-1,-1,-1,-1,-1,-1,-1,-1
-0.815,0,0,-1,-1,0,-1,0,0,-1,-1,0,-1
,-1,-1,-1,-1,-1,-1,-1,-1,-1,-1,-1,-1
,-1,-1,-1,-1,-1,-1,-1,-1,-1,-1,-1,-1
,-1,-1,-1,-1,-1,-1,-1,-1,-1,-1,-1,-1
-0.815,0,-1,0,0,-1,-1,0,-1,0,0,-1,-1
,-1,-1,-1,-1,-1,-1,-1,-1,-1,-1,-1,-1
,-1,-1,-1,-1,-1,-1,-1,-1,-1,-1,-1,-1
,-1,-1,-1,-1,-1,-1,-1,-1,-1,-1,-1,-1
-0.815,0,-1,0,-1,0,-1,0,-1,0,-1,0,-1
,-1,-1,-1,-1,-1,-1,-1,-1,-1,-1,-1,-1
,-1,-1,-1,-1,-1,-1,-1,-1,-1,-1,-1,-1
,-1,-1,-1,-1,-1,-1,-1,-1,-1,-1,-1,-1
-0.815,-1,0,-1,0,-1,0,-1,0,-1,0,-1,0
,-1,-1,-1,-1,-1,-1,-1,-1,-1,-1,-1,-1
,-1,-1,-1,-1,-1,-1,-1,-1,-1,-1,-1,-1
,-1,-1,-1,-1,-1,-1,-1,-1,-1,-1,-1,-1
-0.815,-1,0,-1,-1,0,0,-1,0,-1,-1,0,0
,-1,-1,-1,-1,-1,-1,-1,-1,-1,-1,-1,-1
,-1,-1,-1,-1,-1,-1,-1,-1,-1,-1,-1,-1
,-1,-1,-1,-1,-1,-1,-1,-1,-1,-1,-1,-1
-0.815,-1,-1,0,0,-1,0,-1,-1,0,0,-1,0
,-1,-1,-1,-1,-1,-1,-1,-1,-1,-1,-1,-1
,-1,-1,-1,-1,-1,-1,-1,-1,-1,-1,-1,-1
,-1,-1,-1,-1,-1,-1,-1,-1,-1,-1,-1,-1
-0.815,-1,-1,0,-1,0,0,-1,-1,0,-1,0,0
,-1,-1,-1,-1,-1,-1,-1,-1,-1,-1,-1,-1
,-1,-1,-1,-1,-1,-1,-1,-1,-1,-1,-1,-1
,-1,-1,-1,-1,-1,-1,-1,-1,-1,-1,-1,-1
-0.562,0,0,-1,0,0,-1,0,0,-1,0,0,-1
,-1,-1,-1,-1,-1,-1,-1,-1,-1,-1,-1,-1
,-1,-1,-1,-1,-1,-1,-1,-1,-1,-1,-1,-1
,-1,-1,-1,-1,-1,-1,-1,-1,-1,-1,-1,-1
-0.562,0,-1,0,0,0,-1,0,-1,0,0,0,-1
,-1,-1,-1,-1,-1,-1,-1,-1,-1,-1,-1,-1
,-1,-1,-1,-1,-1,-1,-1,-1,-1,-1,-1,-1
,-1,-1,-1,-1,-1,-1,-1,-1,-1,-1,-1,-1
-0.562,-1,0,0,0,-1,0,-1,0,0,0,-1,0
,-1,-1,-1,-1,-1,-1,-1,-1,-1,-1,-1,-1
,-1,-1,-1,-1,-1,-1,-1,-1,-1,-1,-1,-1
,-1,-1,-1,-1,-1,-1,-1,-1,-1,-1,-1,-1
-0.562,-1,0,0,-1,0,0,-1,0,0,-1,0,0
,-1,-1,-1,-1,-1,-1,-1,-1,-1,-1,-1,-1
,-1,-1,-1,-1,-1,-1,-1,-1,-1,-1,-1,-1
,-1,-1,-1,-1,-1,-1,-1,-1,-1,-1,-1,-1
-0.116,0,0,0,-1,-1,-1,0,0,0,-1,-1,-1
,-1,-1,-1,-1,-1,-1,-1,-1,-1,-1,-1,-1
,-1,-1,-1,-1,-1,-1,-1,-1,-1,-1,-1,-1
,-1,-1,-1,-1,-1,-1,-1,-1,-1,-1,-1,-1
-0.116,-1,-1,-1,0,0,0,-1,-1,-1,0,0,0
,-1,-1,-1,-1,-1,-1,-1,-1,-1,-1,-1,-1
,-1,-1,-1,-1,-1,-1,-1,-1,-1,-1,-1,-1
,-1,-1,-1,-1,-1,-1,-1,-1,-1,-1,-1,-1
1.0,0,-1,-1,-1,-1,-1,0,-1,-1,-1,-1,-1
,-1,-1,-1,0,-1,-1,-1,-1,-1,0,-1,-1
,-1,-1,-1,-1,-1,-1,-1,-1,-1,-1,-1,-1
,-1,-1,-1,-1,-1,-1,-1,-1,-1,-1,-1,-1
1.0,0,-1,-1,-1,-1,-1,0,-1,-1,-1,-1,-1
,-1,-1,-1,-1,0,-1,-1,-1,-1,-1,0,-1
,-1,-1,-1,-1,-1,-1,-1,-1,-1,-1,-1,-1
,-1,-1,-1,-1,-1,-1,-1,-1,-1,-1,-1,-1
1.0,-1,0,-1,-1,-1,-1,-1,0,-1,-1,-1,-1
,-1,-1,-1,-1,-1,0,-1,-1,-1,-1,-1,0
,-1,-1,-1,-1,-1,-1,-1,-1,-1,-1,-1,-1
,-1,-1,-1,-1,-1,-1,-1,-1,-1,-1,-1,-1
1.0,-1,-1,0,-1,-1,-1,-1,-1,0,-1,-1,-1
,-1,-1,-1,-1,-1,0,-1,-1,-1,-1,-1,0
,-1,-1,-1,-1,-1,-1,-1,-1,-1,-1,-1,-1
,-1,-1,-1,-1,-1,-1,-1,-1,-1,-1,-1,-1
0.015,0,-1,-1,-1,-1,-1,0,-1,-1,-1,-1,-1
,-1,-1,-1,-1,-1,0,-1,-1,-1,-1,-1,0
,-1,-1,-1,-1,-1,0,-1,-1,-1,-1,-1,0
,-1,-1,-1,-1,-1,-1,-1,-1,-1,-1,-1,-1
0.015,0,-1,-1,-1,-1,-1,0,-1,-1,-1,-1,-1
,0,-1,-1,-1,-1,-1,0,-1,-1,-1,-1,-1
,-1,-1,-1,-1,-1,0,-1,-1,-1,-1,-1,0
,-1,-1,-1,-1,-1,-1,-1,-1,-1,-1,-1,-1
0.03,0,0,-1,-1,-1,-1,0,0,-1,-1,-1,-1
,-1,-1,-1,-1,-1,0,-1,-1,-1,-1,-1,0
,-1,-1,-1,-1,-1,0,-1,-1,-1,-1,-1,0
,-1,-1,-1,-1,-1,-1,-1,-1,-1,-1,-1,-1
0.03,0,-1,0,-1,-1,-1,0,-1,0,-1,-1,-1
,-1,-1,-1,-1,-1,0,-1,-1,-1,-1,-1,0
,-1,-1,-1,-1,-1,0,-1,-1,-1,-1,-1,0
,-1,-1,-1,-1,-1,-1,-1,-1,-1,-1,-1,-1
0.03,0,-1,-1,-1,-1,-1,0,-1,-1,-1,-1,-1
,0,-1,-1,-1,-1,-1,0,-1,-1,-1,-1,-1
,-1,-1,-1,0,-1,0,-1,-1,-1,0,-1,0
,-1,-1,-1,-1,-1,-1,-1,-1,-1,-1,-1,-1
0.03,0,-1,-1,-1,-1,-1,0,-1,-1,-1,-1,-1
,0,-1,-1,-1,-1,-1,0,-1,-1,-1,-1,-1
,-1,-1,-1,-1,0,0,-1,-1,-1,-1,0,0
,-1,-1,-1,-1,-1,-1,-1,-1,-1,-1,-1,-1
0.001,0,-1,-1,-1,-1,-1,0,-1,-1,-1,-1,-1
,-1,0,-1,0,-1,-1,-1,0,-1,0,-1,-1
,-1,-1,-1,-1,-1,-1,-1,-1,-1,-1,-1,-1
,-1,-1,-1,-1,-1,-1,-1,-1,-1,-1,-1,-1
0.001,0,-1,-1,-1,-1,-1,0,-1,-1,-1,-1,-1
,-1,0,-1,-1,0,-1,-1,0,-1,-1,0,-1
,-1,-1,-1,-1,-1,-1,-1,-1,-1,-1,-1,-1
,-1,-1,-1,-1,-1,-1,-1,-1,-1,-1,-1,-1
0.001,0,-1,-1,-1,-1,-1,0,-1,-1,-1,-1,-1
,-1,-1,0,0,-1,-1,-1,-1,0,0,-1,-1
,-1,-1,-1,-1,-1,-1,-1,-1,-1,-1,-1,-1
,-1,-1,-1,-1,-1,-1,-1,-1,-1,-1,-1,-1
0.001,0,-1,-1,-1,-1,-1,0,-1,-1,-1,-1,-1
,-1,-1,0,-1,0,-1,-1,-1,0,-1,0,-1
,-1,-1,-1,-1,-1,-1,-1,-1,-1,-1,-1,-1
,-1,-1,-1,-1,-1,-1,-1,-1,-1,-1,-1,-1
0.001,-1,0,-1,-1,-1,-1,-1,0,-1,-1,-1,-1
,-1,0,0,-1,-1,-1,-1,0,0,-1,-1,-1
,-1,-1,-1,-1,-1,-1,-1,-1,-1,-1,-1,-1
,-1,-1,-1,-1,-1,-1,-1,-1,-1,-1,-1,-1
0.001,-1,0,0,-1,-1,-1,-1,0,0,-1,-1,-1
,-1,-1,0,-1,-1,-1,-1,-1,0,-1,-1,-1
,-1,-1,-1,-1,-1,-1,-1,-1,-1,-1,-1,-1
,-1,-1,-1,-1,-1,-1,-1,-1,-1,-1,-1,-1
0.001,-1,0,-1,0,-1,-1,-1,0,-1,0,-1,-1
,-1,0,-1,-1,0,-1,-1,0,-1,-1,0,-1
,-1,-1,-1,-1,-1,-1,-1,-1,-1,-1,-1,-1
,-1,-1,-1,-1,-1,-1,-1,-1,-1,-1,-1,-1
0.001,-1,0,-1,0,-1,-1,-1,0,-1,0,-1,-1
,-1,-1,0,0,-1,-1,-1,-1,0,0,-1,-1
,-1,-1,-1,-1,-1,-1,-1,-1,-1,-1,-1,-1
,-1,-1,-1,-1,-1,-1,-1,-1,-1,-1,-1,-1
0.001,-1,0,-1,0,-1,-1,-1,0,-1,0,-1,-1
,-1,-1,-1,-1,-1,0,-1,-1,-1,-1,-1,0
,-1,-1,-1,-1,-1,-1,-1,-1,-1,-1,-1,-1
,-1,-1,-1,-1,-1,-1,-1,-1,-1,-1,-1,-1
0.001,-1,0,-1,-1,0,-1,-1,0,-1,-1,0,-1
,-1,-1,0,-1,0,-1,-1,-1,0,-1,0,-1
,-1,-1,-1,-1,-1,-1,-1,-1,-1,-1,-1,-1
,-1,-1,-1,-1,-1,-1,-1,-1,-1,-1,-1,-1
0.001,-1,0,-1,-1,0,-1,-1,0,-1,-1,0,-1
,-1,-1,-1,-1,-1,0,-1,-1,-1,-1,-1,0
,-1,-1,-1,-1,-1,-1,-1,-1,-1,-1,-1,-1
,-1,-1,-1,-1,-1,-1,-1,-1,-1,-1,-1,-1
0.001,-1,-1,0,0,-1,-1,-1,-1,0,0,-1,-1
,-1,-1,0,-1,0,-1,-1,-1,0,-1,0,-1
,-1,-1,-1,-1,-1,-1,-1,-1,-1,-1,-1,-1
,-1,-1,-1,-1,-1,-1,-1,-1,-1,-1,-1,-1
0.001,-1,-1,0,0,-1,-1,-1,-1,0,0,-1,-1
,-1,-1,-1,-1,-1,0,-1,-1,-1,-1,-1,0
,-1,-1,-1,-1,-1,-1,-1,-1,-1,-1,-1,-1
,-1,-1,-1,-1,-1,-1,-1,-1,-1,-1,-1,-1
0.001,-1,-1,0,-1,0,-1,-1,-1,0,-1,0,-1
,-1,-1,-1,-1,-1,0,-1,-1,-1,-1,-1,0
,-1,-1,-1,-1,-1,-1,-1,-1,-1,-1,-1,-1
,-1,-1,-1,-1,-1,-1,-1,-1,-1,-1,-1,-1
0.001,-1,-1,-1,0,-1,-1,-1,-1,-1,0,-1,-1
,-1,-1,-1,0,0,-1,-1,-1,-1,0,0,-1
,-1,-1,-1,-1,-1,-1,-1,-1,-1,-1,-1,-1
,-1,-1,-1,-1,-1,-1,-1,-1,-1,-1,-1,-1
0.001,-1,-1,-1,0,0,-1,-1,-1,-1,0,0,-1
,-1,-1,-1,-1,0,-1,-1,-1,-1,-1,0,-1
,-1,-1,-1,-1,-1,-1,-1,-1,-1,-1,-1,-1
,-1,-1,-1,-1,-1,-1,-1,-1,-1,-1,-1,-1
0.002,0,-1,-1,-1,-1,-1,0,-1,-1,-1,-1,-1
,-1,-1,-1,0,-1,-1,-1,-1,-1,0,-1,-1
,-1,-1,-1,0,-1,-1,-1,-1,-1,0,-1,-1
,-1,-1,-1,-1,-1,-1,-1,-1,-1,-1,-1,-1
0.002,0,-1,-1,-1,-1,-1,0,-1,-1,-1,-1,-1
,-1,-1,-1,-1,0,-1,-1,-1,-1,-1,0,-1
,-1,-1,-1,-1,0,-1,-1,-1,-1,-1,0,-1
,-1,-1,-1,-1,-1,-1,-1,-1,-1,-1,-1,-1
0.002,0,0,-1,-1,-1,-1,0,0,-1,-1,-1,-1
,-1,-1,0,0,-1,-1,-1,-1,0,0,-1,-1
,-1,-1,-1,-1,-1,-1,-1,-1,-1,-1,-1,-1
,-1,-1,-1,-1,-1,-1,-1,-1,-1,-1,-1,-1
0.002,0,0,-1,-1,-1,-1,0,0,-1,-1,-1,-1
,-1,-1,0,-1,0,-1,-1,-1,0,-1,0,-1
,-1,-1,-1,-1,-1,-1,-1,-1,-1,-1,-1,-1
,-1,-1,-1,-1,-1,-1,-1,-1,-1,-1,-1,-1
0.002,0,-1,0,-1,-1,-1,0,-1,0,-1,-1,-1
,-1,0,-1,0,-1,-1,-1,0,-1,0,-1,-1
,-1,-1,-1,-1,-1,-1,-1,-1,-1,-1,-1,-1
,-1,-1,-1,-1,-1,-1,-1,-1,-1,-1,-1,-1
0.002,0,-1,0,-1,-1,-1,0,-1,0,-1,-1,-1
,-1,0,-1,-1,0,-1,-1,0,-1,-1,0,-1
,-1,-1,-1,-1,-1,-1,-1,-1,-1,-1,-1,-1
,-1,-1,-1,-1,-1,-1,-1,-1,-1,-1,-1,-1
0.002,-1,0,0,-1,-1,-1,-1,0,0,-1,-1,-1
,-1,-1,-1,0,0,-1,-1,-1,-1,0,0,-1
,-1,-1,-1,-1,-1,-1,-1,-1,-1,-1,-1,-1
,-1,-1,-1,-1,-1,-1,-1,-1,-1,-1,-1,-1
0.002,-1,0,-1,0,-1,-1,-1,0,-1,0,-1,-1
,-1,-1,-1,-1,0,0,-1,-1,-1,-1,0,0
,-1,-1,-1,-1,-1,-1,-1,-1,-1,-1,-1,-1
,-1,-1,-1,-1,-1,-1,-1,-1,-1,-1,-1,-1
0.002,-1,0,-1,-1,0,-1,-1,0,-1,-1,0,-1
,-1,-1,-1,0,-1,0,-1,-1,-1,0,-1,0
,-1,-1,-1,-1,-1,-1,-1,-1,-1,-1,-1,-1
,-1,-1,-1,-1,-1,-1,-1,-1,-1,-1,-1,-1
0.002,-1,-1,0,0,-1,-1,-1,-1,0,0,-1,-1
,-1,-1,-1,-1,0,0,-1,-1,-1,-1,0,0
,-1,-1,-1,-1,-1,-1,-1,-1,-1,-1,-1,-1
,-1,-1,-1,-1,-1,-1,-1,-1,-1,-1,-1,-1
0.002,-1,-1,0,-1,0,-1,-1,-1,0,-1,0,-1
,-1,-1,-1,0,-1,0,-1,-1,-1,0,-1,0
,-1,-1,-1,-1,-1,-1,-1,-1,-1,-1,-1,-1
,-1,-1,-1,-1,-1,-1,-1,-1,-1,-1,-1,-1
0.002,-1,0,-1,-1,-1,-1,-1,0,-1,-1,-1,-1
,-1,0,-1,-1,-1,-1,-1,0,-1,-1,-1,-1
,-1,-1,-1,-1,-1,0,-1,-1,-1,-1,-1,0
,-1,-1,-1,-1,-1,-1,-1,-1,-1,-1,-1,-1
0.002,-1,-1,0,-1,-1,-1,-1,-1,0,-1,-1,-1
,-1,-1,0,-1,-1,-1,-1,-1,0,-1,-1,-1
,-1,-1,-1,-1,-1,0,-1,-1,-1,-1,-1,0
,-1,-1,-1,-1,-1,-1,-1,-1,-1,-1,-1,-1
0.002,0,-1,-1,-1,-1,-1,0,-1,-1,-1,-1,-1
,0,-1,-1,-1,-1,-1,0,-1,-1,-1,-1,-1
,-1,-1,-1,0,-1,-1,-1,-1,-1,0,-1,-1
,-1,-1,-1,0,-1,-1,-1,-1,-1,0,-1,-1
0.002,0,-1,-1,-1,-1,-1,0,-1,-1,-1,-1,-1
,0,-1,-1,-1,-1,-1,0,-1,-1,-1,-1,-1
,-1,-1,-1,-1,0,-1,-1,-1,-1,-1,0,-1
,-1,-1,-1,-1,0,-1,-1,-1,-1,-1,0,-1
0.002,-1,0,-1,-1,-1,-1,-1,0,-1,-1,-1,-1
,-1,0,-1,-1,-1,-1,-1,0,-1,-1,-1,-1
,-1,-1,-1,-1,-1,0,-1,-1,-1,-1,-1,0
,-1,-1,-1,-1,-1,0,-1,-1,-1,-1,-1,0
0.002,-1,-1,0,-1,-1,-1,-1,-1,0,-1,-1,-1
,-1,-1,0,-1,-1,-1,-1,-1,0,-1,-1,-1
,-1,-1,-1,-1,-1,0,-1,-1,-1,-1,-1,0
,-1,-1,-1,-1,-1,0,-1,-1,-1,-1,-1,0
0.008,-1,0,-1,-1,-1,-1,-1,0,-1,-1,-1,-1
,-1,-1,0,-1,-1,-1,-1,-1,0,-1,-1,-1
,-1,-1,-1,-1,-1,-1,-1,-1,-1,-1,-1,-1
,-1,-1,-1,-1,-1,-1,-1,-1,-1,-1,-1,-1
0.008,-1,-1,-1,0,-1,-1,-1,-1,-1,0,-1,-1
,-1,-1,-1,-1,0,-1,-1,-1,-1,-1,0,-1
,-1,-1,-1,-1,-1,-1,-1,-1,-1,-1,-1,-1
,-1,-1,-1,-1,-1,-1,-1,-1,-1,-1,-1,-1
0.81,0,-1,-1,-1,-1,-1,0,-1,-1,-1,-1,-1
,-1,-1,-1,0,0,-1,-1,-1,-1,0,0,-1
,-1,-1,-1,-1,-1,-1,-1,-1,-1,-1,-1,-1
,-1,-1,-1,-1,-1,-1,-1,-1,-1,-1,-1,-1
0.81,-1,0,0,-1,-1,-1,-1,0,0,-1,-1,-1
,-1,-1,-1,-1,-1,0,-1,-1,-1,-1,-1,0
,-1,-1,-1,-1,-1,-1,-1,-1,-1,-1,-1,-1
,-1,-1,-1,-1,-1,-1,-1,-1,-1,-1,-1,-1
0.011,0,0,-1,-1,-1,-1,0,0,-1,-1,-1,-1
,0,-1,0,-1,-1,-1,0,-1,0,-1,-1,-1
,-1,-1,-1,-1,-1,-1,-1,-1,-1,-1,-1,-1
,-1,-1,-1,-1,-1,-1,-1,-1,-1,-1,-1,-1
0.011,-1,-1,-1,0,-1,0,-1,-1,-1,0,-1,0
,-1,-1,-1,-1,0,0,-1,-1,-1,-1,0,0
,-1,-1,-1,-1,-1,-1,-1,-1,-1,-1,-1,-1
,-1,-1,-1,-1,-1,-1,-1,-1,-1,-1,-1,-1
0.003,0,0,-1,-1,-1,-1,0,0,-1,-1,-1,-1
,-1,0,-1,-1,-1,-1,-1,0,-1,-1,-1,-1
,-1,-1,-1,-1,-1,-1,-1,-1,-1,-1,-1,-1
,-1,-1,-1,-1,-1,-1,-1,-1,-1,-1,-1,-1
0.003,0,0,0,-1,-1,-1,0,0,0,-1,-1,-1
,-1,-1,-1,0,-1,-1,-1,-1,-1,0,-1,-1
,-1,-1,-1,-1,-1,-1,-1,-1,-1,-1,-1,-1
,-1,-1,-1,-1,-1,-1,-1,-1,-1,-1,-1,-1
0.003,0,0,0,-1,-1,-1,0,0,0,-1,-1,-1
,-1,-1,-1,-1,0,-1,-1,-1,-1,-1,0,-1
,-1,-1,-1,-1,-1,-1,-1,-1,-1,-1,-1,-1
,-1,-1,-1,-1,-1,-1,-1,-1,-1,-1,-1,-1
0.003,0,-1,0,-1,-1,-1,0,-1,0,-1,-1,-1
,-1,-1,0,-1,-1,-1,-1,-1,0,-1,-1,-1
,-1,-1,-1,-1,-1,-1,-1,-1,-1,-1,-1,-1
,-1,-1,-1,-1,-1,-1,-1,-1,-1,-1,-1,-1
0.003,-1,0,-1,-1,-1,-1,-1,0,-1,-1,-1,-1
,-1,-1,0,0,0,-1,-1,-1,0,0,0,-1
,-1,-1,-1,-1,-1,-1,-1,-1,-1,-1,-1,-1
,-1,-1,-1,-1,-1,-1,-1,-1,-1,-1,-1,-1
0.003,-1,0,-1,-1,-1,-1,-1,0,-1,-1,-1,-1
,-1,-1,-1,0,0,0,-1,-1,-1,0,0,0
,-1,-1,-1,-1,-1,-1,-1,-1,-1,-1,-1,-1
,-1,-1,-1,-1,-1,-1,-1,-1,-1,-1,-1,-1
0.003,-1,0,0,0,-1,-1,-1,0,0,0,-1,-1
,-1,-1,-1,-1,0,-1,-1,-1,-1,-1,0,-1
,-1,-1,-1,-1,-1,-1,-1,-1,-1,-1,-1,-1
,-1,-1,-1,-1,-1,-1,-1,-1,-1,-1,-1,-1
0.003,-1,0,0,-1,0,-1,-1,0,0,-1,0,-1
,-1,-1,-1,0,-1,-1,-1,-1,-1,0,-1,-1
,-1,-1,-1,-1,-1,-1,-1,-1,-1,-1,-1,-1
,-1,-1,-1,-1,-1,-1,-1,-1,-1,-1,-1,-1
0.003,-1,0,-1,0,0,-1,-1,0,-1,0,0,-1
,-1,-1,0,-1,-1,-1,-1,-1,0,-1,-1,-1
,-1,-1,-1,-1,-1,-1,-1,-1,-1,-1,-1,-1
,-1,-1,-1,-1,-1,-1,-1,-1,-1,-1,-1,-1
0.003,-1,-1,0,-1,-1,-1,-1,-1,0,-1,-1,-1
,-1,-1,-1,0,0,0,-1,-1,-1,0,0,0
,-1,-1,-1,-1,-1,-1,-1,-1,-1,-1,-1,-1
,-1,-1,-1,-1,-1,-1,-1,-1,-1,-1,-1,-1
0.003,-1,-1,-1,0,-1,-1,-1,-1,-1,0,-1,-1
,-1,-1,-1,0,-1,0,-1,-1,-1,0,-1,0
,-1,-1,-1,-1,-1,-1,-1,-1,-1,-1,-1,-1
,-1,-1,-1,-1,-1,-1,-1,-1,-1,-1,-1,-1
0.003,-1,-1,-1,-1,0,-1,-1,-1,-1,-1,0,-1
,-1,-1,-1,-1,0,0,-1,-1,-1,-1,0,0
,-1,-1,-1,-1,-1,-1,-1,-1,-1,-1,-1,-1
,-1,-1,-1,-1,-1,-1,-1,-1,-1,-1,-1,-1
0.006,0,0,-1,0,-1,-1,0,0,-1,0,-1,-1
,-1,-1,0,-1,-1,-1,-1,-1,0,-1,-1,-1
,-1,-1,-1,-1,-1,-1,-1,-1,-1,-1,-1,-1
,-1,-1,-1,-1,-1,-1,-1,-1,-1,-1,-1,-1
0.006,0,0,-1,-1,0,-1,0,0,-1,-1,0,-1
,-1,-1,0,-1,-1,-1,-1,-1,0,-1,-1,-1
,-1,-1,-1,-1,-1,-1,-1,-1,-1,-1,-1,-1
,-1,-1,-1,-1,-1,-1,-1,-1,-1,-1,-1,-1
0.006,0,-1,0,0,-1,-1,0,-1,0,0,-1,-1
,-1,0,-1,-1,-1,-1,-1,0,-1,-1,-1,-1
,-1,-1,-1,-1,-1,-1,-1,-1,-1,-1,-1,-1
,-1,-1,-1,-1,-1,-1,-1,-1,-1,-1,-1,-1
0.006,0,-1,0,-1,0,-1,0,-1,0,-1,0,-1
,-1,0,-1,-1,-1,-1,-1,0,-1,-1,-1,-1
,-1,-1,-1,-1,-1,-1,-1,-1,-1,-1,-1,-1
,-1,-1,-1,-1,-1,-1,-1,-1,-1,-1,-1,-1
0.006,-1,0,-1,0,-1,0,-1,0,-1,0,-1,0
,-1,-1,-1,-1,0,-1,-1,-1,-1,-1,0,-1
,-1,-1,-1,-1,-1,-1,-1,-1,-1,-1,-1,-1
,-1,-1,-1,-1,-1,-1,-1,-1,-1,-1,-1,-1
0.006,-1,0,-1,-1,0,0,-1,0,-1,-1,0,0
,-1,-1,-1,0,-1,-1,-1,-1,-1,0,-1,-1
,-1,-1,-1,-1,-1,-1,-1,-1,-1,-1,-1,-1
,-1,-1,-1,-1,-1,-1,-1,-1,-1,-1,-1,-1
0.006,-1,-1,0,0,-1,0,-1,-1,0,0,-1,0
,-1,-1,-1,-1,0,-1,-1,-1,-1,-1,0,-1
,-1,-1,-1,-1,-1,-1,-1,-1,-1,-1,-1,-1
,-1,-1,-1,-1,-1,-1,-1,-1,-1,-1,-1,-1
0.006,-1,-1,0,-1,0,0,-1,-1,0,-1,0,0
,-1,-1,-1,0,-1,-1,-1,-1,-1,0,-1,-1
,-1,-1,-1,-1,-1,-1,-1,-1,-1,-1,-1,-1
,-1,-1,-1,-1,-1,-1,-1,-1,-1,-1,-1,-1
0.012,0,-1,-1,-1,-1,-1,0,-1,-1,-1,-1,-1
,0,0,0,-1,-1,-1,0,0,0,-1,-1,-1
,-1,-1,-1,-1,-1,-1,-1,-1,-1,-1,-1,-1
,-1,-1,-1,-1,-1,-1,-1,-1,-1,-1,-1,-1
0.012,0,-1,-1,-1,-1,-1,0,-1,-1,-1,-1,-1
,-1,0,-1,-1,-1,-1,-1,0,-1,-1,-1,-1
,-1,-1,-1,-1,-1,-1,-1,-1,-1,-1,-1,-1
,-1,-1,-1,-1,-1,-1,-1,-1,-1,-1,-1,-1
0.012,0,-1,-1,-1,-1,-1,0,-1,-1,-1,-1,-1
,-1,-1,0,-1,-1,-1,-1,-1,0,-1,-1,-1
,-1,-1,-1,-1,-1,-1,-1,-1,-1,-1,-1,-1
,-1,-1,-1,-1,-1,-1,-1,-1,-1,-1,-1,-1
0.012,-1,0,-1,-1,-1,-1,-1,0,-1,-1,-1,-1
,-1,-1,-1,-1,-1,0,-1,-1,-1,-1,-1,0
,-1,-1,-1,-1,-1,0,-1,-1,-1,-1,-1,0
,-1,-1,-1,-1,-1,-1,-1,-1,-1,-1,-1,-1
0.012,-1,-1,0,-1,-1,-1,-1,-1,0,-1,-1,-1
,-1,-1,-1,-1,-1,0,-1,-1,-1,-1,-1,0
,-1,-1,-1,-1,-1,0,-1,-1,-1,-1,-1,0
,-1,-1,-1,-1,-1,-1,-1,-1,-1,-1,-1,-1
0.012,-1,-1,-1,0,-1,-1,-1,-1,-1,0,-1,-1
,-1,-1,-1,-1,-1,0,-1,-1,-1,-1,-1,0
,-1,-1,-1,-1,-1,-1,-1,-1,-1,-1,-1,-1
,-1,-1,-1,-1,-1,-1,-1,-1,-1,-1,-1,-1
0.012,0,-1,-1,-1,-1,-1,0,-1,-1,-1,-1,-1
,0,-1,-1,-1,-1,-1,0,-1,-1,-1,-1,-1
,-1,-1,-1,0,-1,-1,-1,-1,-1,0,-1,-1
,-1,-1,-1,-1,-1,-1,-1,-1,-1,-1,-1,-1
0.012,-1,-1,-1,0,0,0,-1,-1,-1,0,0,0
,-1,-1,-1,-1,-1,0,-1,-1,-1,-1,-1,0
,-1,-1,-1,-1,-1,-1,-1,-1,-1,-1,-1,-1
,-1,-1,-1,-1,-1,-1,-1,-1,-1,-1,-1,-1
0.012,-1,-1,-1,-1,0,-1,-1,-1,-1,-1,0,-1
,-1,-1,-1,-1,-1,0,-1,-1,-1,-1,-1,0
,-1,-1,-1,-1,-1,-1,-1,-1,-1,-1,-1,-1
,-1,-1,-1,-1,-1,-1,-1,-1,-1,-1,-1,-1
0.012,0,-1,-1,-1,-1,-1,0,-1,-1,-1,-1,-1
,0,-1,-1,-1,-1,-1,0,-1,-1,-1,-1,-1
,-1,-1,-1,-1,0,-1,-1,-1,-1,-1,0,-1
,-1,-1,-1,-1,-1,-1,-1,-1,-1,-1,-1,-1
0.05,0,-1,-1,-1,-1,-1,0,-1,-1,-1,-1,-1
,-1,0,0,-1,-1,-1,-1,0,0,-1,-1,-1
,-1,-1,-1,-1,-1,-1,-1,-1,-1,-1,-1,-1
,-1,-1,-1,-1,-1,-1,-1,-1,-1,-1,-1,-1
0.05,-1,-1,-1,0,0,-1,-1,-1,-1,0,0,-1
,-1,-1,-1,-1,-1,0,-1,-1,-1,-1,-1,0
,-1,-1,-1,-1,-1,-1,-1,-1,-1,-1,-1,-1
,-1,-1,-1,-1,-1,-1,-1,-1,-1,-1,-1,-1
0.083,0,-1,-1,-1,-1,-1,0,-1,-1,-1,-1,-1
,-1,0,-1,0,0,-1,-1,0,-1,0,0,-1
,-1,-1,-1,-1,-1,-1,-1,-1,-1,-1,-1,-1
,-1,-1,-1,-1,-1,-1,-1,-1,-1,-1,-1,-1
0.083,0,-1,-1,-1,-1,-1,0,-1,-1,-1,-1,-1
,-1,-1,0,0,0,-1,-1,-1,0,0,0,-1
,-1,-1,-1,-1,-1,-1,-1,-1,-1,-1,-1,-1
,-1,-1,-1,-1,-1,-1,-1,-1,-1,-1,-1,-1
0.083,-1,0,0,0,-1,-1,-1,0,0,0,-1,-1
,-1,-1,-1,-1,-1,0,-1,-1,-1,-1,-1,0
,-1,-1,-1,-1,-1,-1,-1,-1,-1,-1,-1,-1
,-1,-1,-1,-1,-1,-1,-1,-1,-1,-1,-1,-1
0.083,-1,0,0,-1,0,-1,-1,0,0,-1,0,-1
,-1,-1,-1,-1,-1,0,-1,-1,-1,-1,-1,0
,-1,-1,-1,-1,-1,-1,-1,-1,-1,-1,-1,-1
,-1,-1,-1,-1,-1,-1,-1,-1,-1,-1,-1,-1
0.027,0,-1,-1,-1,-1,-1,0,-1,-1,-1,-1,-1
,0,0,-1,0,-1,-1,0,0,-1,0,-1,-1
,-1,-1,-1,-1,-1,-1,-1,-1,-1,-1,-1,-1
,-1,-1,-1,-1,-1,-1,-1,-1,-1,-1,-1,-1
0.027,0,-1,-1,-1,-1,-1,0,-1,-1,-1,-1,-1
,0,0,-1,-1,0,-1,0,0,-1,-1,0,-1
,-1,-1,-1,-1,-1,-1,-1,-1,-1,-1,-1,-1
,-1,-1,-1,-1,-1,-1,-1,-1,-1,-1,-1,-1
0.027,0,-1,-1,-1,-1,-1,0,-1,-1,-1,-1,-1
,0,-1,0,0,-1,-1,0,-1,0,0,-1,-1
,-1,-1,-1,-1,-1,-1,-1,-1,-1,-1,-1,-1
,-1,-1,-1,-1,-1,-1,-1,-1,-1,-1,-1,-1
0.027,0,-1,-1,-1,-1,-1,0,-1,-1,-1,-1,-1
,0,-1,0,-1,0,-1,0,-1,0,-1,0,-1
,-1,-1,-1,-1,-1,-1,-1,-1,-1,-1,-1,-1
,-1,-1,-1,-1,-1,-1,-1,-1,-1,-1,-1,-1
0.027,-1,0,-1,0,-1,0,-1,0,-1,0,-1,0
,-1,-1,-1,-1,-1,0,-1,-1,-1,-1,-1,0
,-1,-1,-1,-1,-1,-1,-1,-1,-1,-1,-1,-1
,-1,-1,-1,-1,-1,-1,-1,-1,-1,-1,-1,-1
0.027,-1,0,-1,-1,0,0,-1,0,-1,-1,0,0
,-1,-1,-1,-1,-1,0,-1,-1,-1,-1,-1,0
,-1,-1,-1,-1,-1,-1,-1,-1,-1,-1,-1,-1
,-1,-1,-1,-1,-1,-1,-1,-1,-1,-1,-1,-1
0.027,-1,-1,0,0,-1,0,-1,-1,0,0,-1,0
,-1,-1,-1,-1,-1,0,-1,-1,-1,-1,-1,0
,-1,-1,-1,-1,-1,-1,-1,-1,-1,-1,-1,-1
,-1,-1,-1,-1,-1,-1,-1,-1,-1,-1,-1,-1
0.027,-1,-1,0,-1,0,0,-1,-1,0,-1,0,0
,-1,-1,-1,-1,-1,0,-1,-1,-1,-1,-1,0
,-1,-1,-1,-1,-1,-1,-1,-1,-1,-1,-1,-1
,-1,-1,-1,-1,-1,-1,-1,-1,-1,-1,-1,-1
-0.484,0,-1,-1,-1,-1,-1,0,-1,-1,-1,-1,-1
,-1,-1,-1,0,0,0,-1,-1,-1,0,0,0
,-1,-1,-1,-1,-1,-1,-1,-1,-1,-1,-1,-1
,-1,-1,-1,-1,-1,-1,-1,-1,-1,-1,-1,-1
-0.484,0,0,0,-1,-1,-1,0,0,0,-1,-1,-1
,-1,-1,-1,-1,-1,0,-1,-1,-1,-1,-1,0
,-1,-1,-1,-1,-1,-1,-1,-1,-1,-1,-1,-1
,-1,-1,-1,-1,-1,-1,-1,-1,-1,-1,-1,-1
-0.137,0,-1,-1,-1,-1,-1,0,-1,-1,-1,-1,-1
,-1,-1,-1,-1,-1,0,-1,-1,-1,-1,-1,0
,-1,-1,-1,-1,-1,-1,-1,-1,-1,-1,-1,-1
,-1,-1,-1,-1,-1,-1,-1,-1,-1,-1,-1,-1
-0.001,0,0,-1,-1,-1,-1,0,0,-1,-1,-1,-1
,-1,0,0,-1,-1,-1,-1,0,0,-1,-1,-1
,-1,-1,-1,-1,-1,-1,-1,-1,-1,-1,-1,-1
,-1,-1,-1,-1,-1,-1,-1,-1,-1,-1,-1,-1
-0.001,0,0,-1,-1,-1,-1,0,0,-1,-1,-1,-1
,-1,-1,-1,0,-1,0,-1,-1,-1,0,-1,0
,-1,-1,-1,-1,-1,-1,-1,-1,-1,-1,-1,-1
,-1,-1,-1,-1,-1,-1,-1,-1,-1,-1,-1,-1
-0.001,0,0,-1,-1,-1,-1,0,0,-1,-1,-1,-1
,-1,-1,-1,-1,0,0,-1,-1,-1,-1,0,0
,-1,-1,-1,-1,-1,-1,-1,-1,-1,-1,-1,-1
,-1,-1,-1,-1,-1,-1,-1,-1,-1,-1,-1,-1
-0.001,0,0,-1,0,-1,-1,0,0,-1,0,-1,-1
,-1,-1,-1,-1,0,-1,-1,-1,-1,-1,0,-1
,-1,-1,-1,-1,-1,-1,-1,-1,-1,-1,-1,-1
,-1,-1,-1,-1,-1,-1,-1,-1,-1,-1,-1,-1
-0.001,0,0,-1,-1,0,-1,0,0,-1,-1,0,-1
,-1,-1,-1,0,-1,-1,-1,-1,-1,0,-1,-1
,-1,-1,-1,-1,-1,-1,-1,-1,-1,-1,-1,-1
,-1,-1,-1,-1,-1,-1,-1,-1,-1,-1,-1,-1
-0.001,0,-1,0,-1,-1,-1,0,-1,0,-1,-1,-1
,-1,0,0,-1,-1,-1,-1,0,0,-1,-1,-1
,-1,-1,-1,-1,-1,-1,-1,-1,-1,-1,-1,-1
,-1,-1,-1,-1,-1,-1,-1,-1,-1,-1,-1,-1
-0.001,0,-1,0,-1,-1,-1,0,-1,0,-1,-1,-1
,-1,-1,-1,0,-1,0,-1,-1,-1,0,-1,0
,-1,-1,-1,-1,-1,-1,-1,-1,-1,-1,-1,-1
,-1,-1,-1,-1,-1,-1,-1,-1,-1,-1,-1,-1
-0.001,0,-1,0,-1,-1,-1,0,-1,0,-1,-1,-1
,-1,-1,-1,-1,0,0,-1,-1,-1,-1,0,0
,-1,-1,-1,-1,-1,-1,-1,-1,-1,-1,-1,-1
,-1,-1,-1,-1,-1,-1,-1,-1,-1,-1,-1,-1
-0.001,0,-1,0,0,-1,-1,0,-1,0,0,-1,-1
,-1,-1,-1,-1,0,-1,-1,-1,-1,-1,0,-1
,-1,-1,-1,-1,-1,-1,-1,-1,-1,-1,-1,-1
,-1,-1,-1,-1,-1,-1,-1,-1,-1,-1,-1,-1
-0.001,0,-1,0,-1,0,-1,0,-1,0,-1,0,-1
,-1,-1,-1,0,-1,-1,-1,-1,-1,0,-1,-1
,-1,-1,-1,-1,-1,-1,-1,-1,-1,-1,-1,-1
,-1,-1,-1,-1,-1,-1,-1,-1,-1,-1,-1,-1
-0.001,-1,0,-1,-1,-1,-1,-1,0,-1,-1,-1,-1
,-1,0,0,0,-1,-1,-1,0,0,0,-1,-1
,-1,-1,-1,-1,-1,-1,-1,-1,-1,-1,-1,-1
,-1,-1,-1,-1,-1,-1,-1,-1,-1,-1,-1,-1
-0.001,-1,0,-1,-1,-1,-1,-1,0,-1,-1,-1,-1
,-1,0,0,-1,0,-1,-1,0,0,-1,0,-1
,-1,-1,-1,-1,-1,-1,-1,-1,-1,-1,-1,-1
,-1,-1,-1,-1,-1,-1,-1,-1,-1,-1,-1,-1
-0.001,-1,0,-1,-1,-1,-1,-1,0,-1,-1,-1,-1
,-1,0,-1,0,0,-1,-1,0,-1,0,0,-1
,-1,-1,-1,-1,-1,-1,-1,-1,-1,-1,-1,-1
,-1,-1,-1,-1,-1,-1,-1,-1,-1,-1,-1,-1
-0.001,-1,0,-1,-1,-1,-1,-1,0,-1,-1,-1,-1
,-1,-1,0,0,-1,-1,-1,-1,0,0,-1,-1
,-1,-1,-1,-1,-1,-1,-1,-1,-1,-1,-1,-1
,-1,-1,-1,-1,-1,-1,-1,-1,-1,-1,-1,-1
-0.001,-1,0,-1,-1,-1,-1,-1,0,-1,-1,-1,-1
,-1,-1,0,0,-1,0,-1,-1,0,0,-1,0
,-1,-1,-1,-1,-1,-1,-1,-1,-1,-1,-1,-1
,-1,-1,-1,-1,-1,-1,-1,-1,-1,-1,-1,-1
-0.001,-1,0,-1,-1,-1,-1,-1,0,-1,-1,-1,-1
,-1,-1,0,-1,0,-1,-1,-1,0,-1,0,-1
,-1,-1,-1,-1,-1,-1,-1,-1,-1,-1,-1,-1
,-1,-1,-1,-1,-1,-1,-1,-1,-1,-1,-1,-1
-0.001,-1,0,-1,-1,-1,-1,-1,0,-1,-1,-1,-1
,-1,-1,0,-1,0,0,-1,-1,0,-1,0,0
,-1,-1,-1,-1,-1,-1,-1,-1,-1,-1,-1,-1
,-1,-1,-1,-1,-1,-1,-1,-1,-1,-1,-1,-1
-0.001,-1,0,-1,-1,-1,-1,-1,0,-1,-1,-1,-1
,-1,-1,-1,0,-1,-1,-1,-1,-1,0,-1,-1
,-1,-1,-1,-1,-1,-1,-1,-1,-1,-1,-1,-1
,-1,-1,-1,-1,-1,-1,-1,-1,-1,-1,-1,-1
-0.001,-1,0,-1,-1,-1,-1,-1,0,-1,-1,-1,-1
,-1,-1,-1,-1,0,-1,-1,-1,-1,-1,0,-1
,-1,-1,-1,-1,-1,-1,-1,-1,-1,-1,-1,-1
,-1,-1,-1,-1,-1,-1,-1,-1,-1,-1,-1,-1
-0.001,-1,0,0,0,-1,-1,-1,0,0,0,-1,-1
,-1,-1,0,-1,-1,-1,-1,-1,0,-1,-1,-1
,-1,-1,-1,-1,-1,-1,-1,-1,-1,-1,-1,-1
,-1,-1,-1,-1,-1,-1,-1,-1,-1,-1,-1,-1
-0.001,-1,0,0,0,-1,-1,-1,0,0,0,-1,-1
,-1,-1,-1,0,-1,-1,-1,-1,-1,0,-1,-1
,-1,-1,-1,-1,-1,-1,-1,-1,-1,-1,-1,-1
,-1,-1,-1,-1,-1,-1,-1,-1,-1,-1,-1,-1
-0.001,-1,0,0,-1,0,-1,-1,0,0,-1,0,-1
,-1,-1,0,-1,-1,-1,-1,-1,0,-1,-1,-1
,-1,-1,-1,-1,-1,-1,-1,-1,-1,-1,-1,-1
,-1,-1,-1,-1,-1,-1,-1,-1,-1,-1,-1,-1
-0.001,-1,0,0,-1,0,-1,-1,0,0,-1,0,-1
,-1,-1,-1,-1,0,-1,-1,-1,-1,-1,0,-1
,-1,-1,-1,-1,-1,-1,-1,-1,-1,-1,-1,-1
,-1,-1,-1,-1,-1,-1,-1,-1,-1,-1,-1,-1
-0.001,-1,0,-1,0,-1,-1,-1,0,-1,0,-1,-1
,-1,-1,0,-1,-1,-1,-1,-1,0,-1,-1,-1
,-1,-1,-1,-1,-1,-1,-1,-1,-1,-1,-1,-1
,-1,-1,-1,-1,-1,-1,-1,-1,-1,-1,-1,-1
-0.001,-1,0,-1,0,-1,-1,-1,0,-1,0,-1,-1
,-1,-1,-1,-1,0,-1,-1,-1,-1,-1,0,-1
,-1,-1,-1,-1,-1,-1,-1,-1,-1,-1,-1,-1
,-1,-1,-1,-1,-1,-1,-1,-1,-1,-1,-1,-1
-0.001,-1,0,-1,0,0,-1,-1,0,-1,0,0,-1
,-1,-1,-1,0,-1,-1,-1,-1,-1,0,-1,-1
,-1,-1,-1,-1,-1,-1,-1,-1,-1,-1,-1,-1
,-1,-1,-1,-1,-1,-1,-1,-1,-1,-1,-1,-1
-0.001,-1,0,-1,0,0,-1,-1,0,-1,0,0,-1
,-1,-1,-1,-1,0,-1,-1,-1,-1,-1,0,-1
,-1,-1,-1,-1,-1,-1,-1,-1,-1,-1,-1,-1
,-1,-1,-1,-1,-1,-1,-1,-1,-1,-1,-1,-1
-0.001,-1,0,-1,0,-1,0,-1,0,-1,0,-1,0
,-1,-1,0,-1,-1,-1,-1,-1,0,-1,-1,-1
,-1,-1,-1,-1,-1,-1,-1,-1,-1,-1,-1,-1
,-1,-1,-1,-1,-1,-1,-1,-1,-1,-1,-1,-1
-0.001,-1,0,-1,-1,0,-1,-1,0,-1,-1,0,-1
,-1,-1,0,-1,-1,-1,-1,-1,0,-1,-1,-1
,-1,-1,-1,-1,-1,-1,-1,-1,-1,-1,-1,-1
,-1,-1,-1,-1,-1,-1,-1,-1,-1,-1,-1,-1
-0.001,-1,0,-1,-1,0,-1,-1,0,-1,-1,0,-1
,-1,-1,-1,0,-1,-1,-1,-1,-1,0,-1,-1
,-1,-1,-1,-1,-1,-1,-1,-1,-1,-1,-1,-1
,-1,-1,-1,-1,-1,-1,-1,-1,-1,-1,-1,-1
-0.001,-1,0,-1,-1,0,0,-1,0,-1,-1,0,0
,-1,-1,0,-1,-1,-1,-1,-1,0,-1,-1,-1
,-1,-1,-1,-1,-1,-1,-1,-1,-1,-1,-1,-1
,-1,-1,-1,-1,-1,-1,-1,-1,-1,-1,-1,-1
-0.001,-1,-1,0,-1,-1,-1,-1,-1,0,-1,-1,-1
,-1,-1,0,0,0,-1,-1,-1,0,0,0,-1
,-1,-1,-1,-1,-1,-1,-1,-1,-1,-1,-1,-1
,-1,-1,-1,-1,-1,-1,-1,-1,-1,-1,-1,-1
-0.001,-1,-1,0,-1,-1,-1,-1,-1,0,-1,-1,-1
,-1,-1,-1,0,-1,-1,-1,-1,-1,0,-1,-1
,-1,-1,-1,-1,-1,-1,-1,-1,-1,-1,-1,-1
,-1,-1,-1,-1,-1,-1,-1,-1,-1,-1,-1,-1
-0.001,-1,-1,0,-1,-1,-1,-1,-1,0,-1,-1,-1
,-1,-1,-1,-1,0,-1,-1,-1,-1,-1,0,-1
,-1,-1,-1,-1,-1,-1,-1,-1,-1,-1,-1,-1
,-1,-1,-1,-1,-1,-1,-1,-1,-1,-1,-1,-1
-0.001,-1,-1,0,0,-1,-1,-1,-1,0,0,-1,-1
,-1,-1,-1,-1,0,-1,-1,-1,-1,-1,0,-1
,-1,-1,-1,-1,-1,-1,-1,-1,-1,-1,-1,-1
,-1,-1,-1,-1,-1,-1,-1,-1,-1,-1,-1,-1
-0.001,-1,-1,0,0,0,-1,-1,-1,0,0,0,-1
,-1,-1,-1,0,-1,-1,-1,-1,-1,0,-1,-1
,-1,-1,-1,-1,-1,-1,-1,-1,-1,-1,-1,-1
,-1,-1,-1,-1,-1,-1,-1,-1,-1,-1,-1,-1
-0.001,-1,-1,0,0,0,-1,-1,-1,0,0,0,-1
,-1,-1,-1,-1,0,-1,-1,-1,-1,-1,0,-1
,-1,-1,-1,-1,-1,-1,-1,-1,-1,-1,-1,-1
,-1,-1,-1,-1,-1,-1,-1,-1,-1,-1,-1,-1
-0.001,-1,-1,0,-1,0,-1,-1,-1,0,-1,0,-1
,-1,-1,-1,0,-1,-1,-1,-1,-1,0,-1,-1
,-1,-1,-1,-1,-1,-1,-1,-1,-1,-1,-1,-1
,-1,-1,-1,-1,-1,-1,-1,-1,-1,-1,-1,-1
-0.001,-1,-1,-1,0,0,-1,-1,-1,-1,0,0,-1
,-1,-1,-1,0,-1,0,-1,-1,-1,0,-1,0
,-1,-1,-1,-1,-1,-1,-1,-1,-1,-1,-1,-1
,-1,-1,-1,-1,-1,-1,-1,-1,-1,-1,-1,-1
-0.001,-1,-1,-1,0,0,-1,-1,-1,-1,0,0,-1
,-1,-1,-1,-1,0,0,-1,-1,-1,-1,0,0
,-1,-1,-1,-1,-1,-1,-1,-1,-1,-1,-1,-1
,-1,-1,-1,-1,-1,-1,-1,-1,-1,-1,-1,-1
-0.002,-1,0,-1,-1,-1,-1,-1,0,-1,-1,-1,-1
,-1,0,-1,0,-1,-1,-1,0,-1,0,-1,-1
,-1,-1,-1,-1,-1,-1,-1,-1,-1,-1,-1,-1
,-1,-1,-1,-1,-1,-1,-1,-1,-1,-1,-1,-1
-0.002,-1,0,-1,-1,-1,-1,-1,0,-1,-1,-1,-1
,-1,0,-1,-1,0,-1,-1,0,-1,-1,0,-1
,-1,-1,-1,-1,-1,-1,-1,-1,-1,-1,-1,-1
,-1,-1,-1,-1,-1,-1,-1,-1,-1,-1,-1,-1
-0.002,-1,0,0,-1,-1,-1,-1,0,0,-1,-1,-1
,-1,0,-1,0,-1,-1,-1,0,-1,0,-1,-1
,-1,-1,-1,-1,-1,-1,-1,-1,-1,-1,-1,-1
,-1,-1,-1,-1,-1,-1,-1,-1,-1,-1,-1,-1
-0.002,-1,0,0,-1,-1,-1,-1,0,0,-1,-1,-1
,-1,0,-1,-1,0,-1,-1,0,-1,-1,0,-1
,-1,-1,-1,-1,-1,-1,-1,-1,-1,-1,-1,-1
,-1,-1,-1,-1,-1,-1,-1,-1,-1,-1,-1,-1
-0.002,-1,0,0,-1,-1,-1,-1,0,0,-1,-1,-1
,-1,-1,0,0,-1,-1,-1,-1,0,0,-1,-1
,-1,-1,-1,-1,-1,-1,-1,-1,-1,-1,-1,-1
,-1,-1,-1,-1,-1,-1,-1,-1,-1,-1,-1,-1
-0.002,-1,0,0,-1,-1,-1,-1,0,0,-1,-1,-1
,-1,-1,0,-1,0,-1,-1,-1,0,-1,0,-1
,-1,-1,-1,-1,-1,-1,-1,-1,-1,-1,-1,-1
,-1,-1,-1,-1,-1,-1,-1,-1,-1,-1,-1,-1
-0.002,-1,0,-1,0,-1,-1,-1,0,-1,0,-1,-1
,-1,-1,-1,0,-1,-1,-1,-1,-1,0,-1,-1
,-1,-1,-1,-1,-1,-1,-1,-1,-1,-1,-1,-1
,-1,-1,-1,-1,-1,-1,-1,-1,-1,-1,-1,-1
-0.002,-1,0,-1,0,-1,-1,-1,0,-1,0,-1,-1
,-1,-1,-1,0,0,-1,-1,-1,-1,0,0,-1
,-1,-1,-1,-1,-1,-1,-1,-1,-1,-1,-1,-1
,-1,-1,-1,-1,-1,-1,-1,-1,-1,-1,-1,-1
-0.002,-1,0,-1,-1,0,-1,-1,0,-1,-1,0,-1
,-1,-1,-1,0,0,-1,-1,-1,-1,0,0,-1
,-1,-1,-1,-1,-1,-1,-1,-1,-1,-1,-1,-1
,-1,-1,-1,-1,-1,-1,-1,-1,-1,-1,-1,-1
-0.002,-1,0,-1,-1,0,-1,-1,0,-1,-1,0,-1
,-1,-1,-1,-1,0,-1,-1,-1,-1,-1,0,-1
,-1,-1,-1,-1,-1,-1,-1,-1,-1,-1,-1,-1
,-1,-1,-1,-1,-1,-1,-1,-1,-1,-1,-1,-1
-0.002,-1,-1,0,-1,-1,-1,-1,-1,0,-1,-1,-1
,-1,-1,0,0,-1,-1,-1,-1,0,0,-1,-1
,-1,-1,-1,-1,-1,-1,-1,-1,-1,-1,-1,-1
,-1,-1,-1,-1,-1,-1,-1,-1,-1,-1,-1,-1
-0.002,-1,-1,0,-1,-1,-1,-1,-1,0,-1,-1,-1
,-1,-1,0,-1,0,-1,-1,-1,0,-1,0,-1
,-1,-1,-1,-1,-1,-1,-1,-1,-1,-1,-1,-1
,-1,-1,-1,-1,-1,-1,-1,-1,-1,-1,-1,-1
-0.002,-1,-1,0,0,-1,-1,-1,-1,0,0,-1,-1
,-1,-1,-1,0,-1,-1,-1,-1,-1,0,-1,-1
,-1,-1,-1,-1,-1,-1,-1,-1,-1,-1,-1,-1
,-1,-1,-1,-1,-1,-1,-1,-1,-1,-1,-1,-1
-0.002,-1,-1,0,0,-1,-1,-1,-1,0,0,-1,-1
,-1,-1,-1,0,0,-1,-1,-1,-1,0,0,-1
,-1,-1,-1,-1,-1,-1,-1,-1,-1,-1,-1,-1
,-1,-1,-1,-1,-1,-1,-1,-1,-1,-1,-1,-1
-0.002,-1,-1,0,-1,0,-1,-1,-1,0,-1,0,-1
,-1,-1,-1,0,0,-1,-1,-1,-1,0,0,-1
,-1,-1,-1,-1,-1,-1,-1,-1,-1,-1,-1,-1
,-1,-1,-1,-1,-1,-1,-1,-1,-1,-1,-1,-1
-0.002,-1,-1,0,-1,0,-1,-1,-1,0,-1,0,-1
,-1,-1,-1,-1,0,-1,-1,-1,-1,-1,0,-1
,-1,-1,-1,-1,-1,-1,-1,-1,-1,-1,-1,-1
,-1,-1,-1,-1,-1,-1,-1,-1,-1,-1,-1,-1
-0.405,0,-1,-1,-1,-1,-1,0,-1,-1,-1,-1,-1
,-1,-1,-1,0,-1,0,-1,-1,-1,0,-1,0
,-1,-1,-1,-1,-1,-1,-1,-1,-1,-1,-1,-1
,-1,-1,-1,-1,-1,-1,-1,-1,-1,-1,-1,-1
-0.405,0,-1,-1,-1,-1,-1,0,-1,-1,-1,-1,-1
,-1,-1,-1,-1,0,0,-1,-1,-1,-1,0,0
,-1,-1,-1,-1,-1,-1,-1,-1,-1,-1,-1,-1
,-1,-1,-1,-1,-1,-1,-1,-1,-1,-1,-1,-1
-0.405,0,0,-1,-1,-1,-1,0,0,-1,-1,-1,-1
,-1,-1,-1,-1,-1,0,-1,-1,-1,-1,-1,0
,-1,-1,-1,-1,-1,-1,-1,-1,-1,-1,-1,-1
,-1,-1,-1,-1,-1,-1,-1,-1,-1,-1,-1,-1
-0.405,0,-1,0,-1,-1,-1,0,-1,0,-1,-1,-1
,-1,-1,-1,-1,-1,0,-1,-1,-1,-1,-1,0
,-1,-1,-1,-1,-1,-1,-1,-1,-1,-1,-1,-1
,-1,-1,-1,-1,-1,-1,-1,-1,-1,-1,-1,-1
-0.003,0,0,-1,-1,-1,-1,0,0,-1,-1,-1,-1
,-1,-1,0,-1,-1,-1,-1,-1,0,-1,-1,-1
,-1,-1,-1,-1,-1,-1,-1,-1,-1,-1,-1,-1
,-1,-1,-1,-1,-1,-1,-1,-1,-1,-1,-1,-1
-0.003,0,0,-1,-1,-1,-1,0,0,-1,-1,-1,-1
,-1,-1,-1,0,0,-1,-1,-1,-1,0,0,-1
,-1,-1,-1,-1,-1,-1,-1,-1,-1,-1,-1,-1
,-1,-1,-1,-1,-1,-1,-1,-1,-1,-1,-1,-1
-0.003,0,-1,0,-1,-1,-1,0,-1,0,-1,-1,-1
,-1,0,-1,-1,-1,-1,-1,0,-1,-1,-1,-1
,-1,-1,-1,-1,-1,-1,-1,-1,-1,-1,-1,-1
,-1,-1,-1,-1,-1,-1,-1,-1,-1,-1,-1,-1
-0.003,0,-1,0,-1,-1,-1,0,-1,0,-1,-1,-1
,-1,-1,-1,0,0,-1,-1,-1,-1,0,0,-1
,-1,-1,-1,-1,-1,-1,-1,-1,-1,-1,-1,-1
,-1,-1,-1,-1,-1,-1,-1,-1,-1,-1,-1,-1
-0.003,-1,0,0,-1,-1,-1,-1,0,0,-1,-1,-1
,-1,-1,-1,0,-1,0,-1,-1,-1,0,-1,0
,-1,-1,-1,-1,-1,-1,-1,-1,-1,-1,-1,-1
,-1,-1,-1,-1,-1,-1,-1,-1,-1,-1,-1,-1
-0.003,-1,0,0,-1,-1,-1,-1,0,0,-1,-1,-1
,-1,-1,-1,-1,0,0,-1,-1,-1,-1,0,0
,-1,-1,-1,-1,-1,-1,-1,-1,-1,-1,-1,-1
,-1,-1,-1,-1,-1,-1,-1,-1,-1,-1,-1,-1
-0.003,-1,-1,-1,0,-1,-1,-1,-1,-1,0,-1,-1
,-1,-1,-1,-1,0,0,-1,-1,-1,-1,0,0
,-1,-1,-1,-1,-1,-1,-1,-1,-1,-1,-1,-1
,-1,-1,-1,-1,-1,-1,-1,-1,-1,-1,-1,-1
-0.003,-1,-1,-1,0,-1,0,-1,-1,-1,0,-1,0
,-1,-1,-1,-1,0,-1,-1,-1,-1,-1,0,-1
,-1,-1,-1,-1,-1,-1,-1,-1,-1,-1,-1,-1
,-1,-1,-1,-1,-1,-1,-1,-1,-1,-1,-1,-1
-0.006,0,0,0,-1,-1,-1,0,0,0,-1,-1,-1
,-1,0,-1,-1,-1,-1,-1,0,-1,-1,-1,-1
,-1,-1,-1,-1,-1,-1,-1,-1,-1,-1,-1,-1
,-1,-1,-1,-1,-1,-1,-1,-1,-1,-1,-1,-1
-0.006,0,0,0,-1,-1,-1,0,0,0,-1,-1,-1
,-1,-1,0,-1,-1,-1,-1,-1,0,-1,-1,-1
,-1,-1,-1,-1,-1,-1,-1,-1,-1,-1,-1,-1
,-1,-1,-1,-1,-1,-1,-1,-1,-1,-1,-1,-1
-0.006,-1,-1,-1,0,-1,-1,-1,-1,-1,0,-1,-1
,-1,-1,-1,0,0,0,-1,-1,-1,0,0,0
,-1,-1,-1,-1,-1,-1,-1,-1,-1,-1,-1,-1
,-1,-1,-1,-1,-1,-1,-1,-1,-1,-1,-1,-1
-0.006,-1,-1,-1,0,0,0,-1,-1,-1,0,0,0
,-1,-1,-1,-1,0,-1,-1,-1,-1,-1,0,-1
,-1,-1,-1,-1,-1,-1,-1,-1,-1,-1,-1,-1
,-1,-1,-1,-1,-1,-1,-1,-1,-1,-1,-1,-1
-0.101,-1,0,0,-1,-1,-1,-1,0,0,-1,-1,-1
,-1,-1,-1,-1,-1,0,-1,-1,-1,-1,-1,0
,-1,-1,-1,-1,-1,0,-1,-1,-1,-1,-1,0
,-1,-1,-1,-1,-1,-1,-1,-1,-1,-1,-1,-1
-0.101,0,-1,-1,-1,-1,-1,0,-1,-1,-1,-1,-1
,0,-1,-1,-1,-1,-1,0,-1,-1,-1,-1,-1
,-1,-1,-1,0,0,-1,-1,-1,-1,0,0,-1
,-1,-1,-1,-1,-1,-1,-1,-1,-1,-1,-1,-1
-0.039,0,-1,-1,-1,-1,-1,0,-1,-1,-1,-1,-1
,0,0,-1,-1,-1,-1,0,0,-1,-1,-1,-1
,-1,-1,-1,-1,-1,-1,-1,-1,-1,-1,-1,-1
,-1,-1,-1,-1,-1,-1,-1,-1,-1,-1,-1,-1
-0.039,0,-1,-1,-1,-1,-1,0,-1,-1,-1,-1,-1
,0,-1,0,-1,-1,-1,0,-1,0,-1,-1,-1
,-1,-1,-1,-1,-1,-1,-1,-1,-1,-1,-1,-1
,-1,-1,-1,-1,-1,-1,-1,-1,-1,-1,-1,-1
-0.039,-1,-1,-1,0,-1,0,-1,-1,-1,0,-1,0
,-1,-1,-1,-1,-1,0,-1,-1,-1,-1,-1,0
,-1,-1,-1,-1,-1,-1,-1,-1,-1,-1,-1,-1
,-1,-1,-1,-1,-1,-1,-1,-1,-1,-1,-1,-1
-0.039,-1,-1,-1,-1,0,0,-1,-1,-1,-1,0,0
,-1,-1,-1,-1,-1,0,-1,-1,-1,-1,-1,0
,-1,-1,-1,-1,-1,-1,-1,-1,-1,-1,-1,-1
,-1,-1,-1,-1,-1,-1,-1,-1,-1,-1,-1,-1
-0.079,0,-1,-1,-1,-1,-1,0,-1,-1,-1,-1,-1
,-1,0,-1,0,-1,0,-1,0,-1,0,-1,0
,-1,-1,-1,-1,-1,-1,-1,-1,-1,-1,-1,-1
,-1,-1,-1,-1,-1,-1,-1,-1,-1,-1,-1,-1
-0.079,0,-1,-1,-1,-1,-1,0,-1,-1,-1,-1,-1
,-1,0,-1,-1,0,0,-1,0,-1,-1,0,0
,-1,-1,-1,-1,-1,-1,-1,-1,-1,-1,-1,-1
,-1,-1,-1,-1,-1,-1,-1,-1,-1,-1,-1,-1
-0.079,0,-1,-1,-1,-1,-1,0,-1,-1,-1,-1,-1
,-1,-1,0,0,-1,0,-1,-1,0,0,-1,0
,-1,-1,-1,-1,-1,-1,-1,-1,-1,-1,-1,-1
,-1,-1,-1,-1,-1,-1,-1,-1,-1,-1,-1,-1
-0.079,0,-1,-1,-1,-1,-1,0,-1,-1,-1,-1,-1
,-1,-1,0,-1,0,0,-1,-1,0,-1,0,0
,-1,-1,-1,-1,-1,-1,-1,-1,-1,-1,-1,-1
,-1,-1,-1,-1,-1,-1,-1,-1,-1,-1,-1,-1
-0.079,0,0,-1,0,-1,-1,0,0,-1,0,-1,-1
,-1,-1,-1,-1,-1,0,-1,-1,-1,-1,-1,0
,-1,-1,-1,-1,-1,-1,-1,-1,-1,-1,-1,-1
,-1,-1,-1,-1,-1,-1,-1,-1,-1,-1,-1,-1
-0.079,0,0,-1,-1,0,-1,0,0,-1,-1,0,-1
,-1,-1,-1,-1,-1,0,-1,-1,-1,-1,-1,0
,-1,-1,-1,-1,-1,-1,-1,-1,-1,-1,-1,-1
,-1,-1,-1,-1,-1,-1,-1,-1,-1,-1,-1,-1
-0.079,0,-1,0,0,-1,-1,0,-1,0,0,-1,-1
,-1,-1,-1,-1,-1,0,-1,-1,-1,-1,-1,0
,-1,-1,-1,-1,-1,-1,-1,-1,-1,-1,-1,-1
,-1,-1,-1,-1,-1,-1,-1,-1,-1,-1,-1,-1
-0.079,0,-1,0,-1,0,-1,0,-1,0,-1,0,-1
,-1,-1,-1,-1,-1,0,-1,-1,-1,-1,-1,0
,-1,-1,-1,-1,-1,-1,-1,-1,-1,-1,-1,-1
,-1,-1,-1,-1,-1,-1,-1,-1,-1,-1,-1,-1
-0.085,0,-1,-1,-1,-1,-1,0,-1,-1,-1,-1,-1
,-1,0,0,0,-1,-1,-1,0,0,0,-1,-1
,-1,-1,-1,-1,-1,-1,-1,-1,-1,-1,-1,-1
,-1,-1,-1,-1,-1,-1,-1,-1,-1,-1,-1,-1
-0.085,0,-1,-1,-1,-1,-1,0,-1,-1,-1,-1,-1
,-1,0,0,-1,0,-1,-1,0,0,-1,0,-1
,-1,-1,-1,-1,-1,-1,-1,-1,-1,-1,-1,-1
,-1,-1,-1,-1,-1,-1,-1,-1,-1,-1,-1,-1
-0.085,-1,0,-1,0,0,-1,-1,0,-1,0,0,-1
,-1,-1,-1,-1,-1,0,-1,-1,-1,-1,-1,0
,-1,-1,-1,-1,-1,-1,-1,-1,-1,-1,-1,-1
,-1,-1,-1,-1,-1,-1,-1,-1,-1,-1,-1,-1
-0.085,-1,-1,0,0,0,-1,-1,-1,0,0,0,-1
,-1,-1,-1,-1,-1,0,-1,-1,-1,-1,-1,0
,-1,-1,-1,-1,-1,-1,-1,-1,-1,-1,-1,-1
,-1,-1,-1,-1,-1,-1,-1,-1,-1,-1,-1,-1
-0.007,0,-1,-1,-1,-1,-1,0,-1,-1,-1,-1,-1
,0,-1,-1,-1,-1,-1,0,-1,-1,-1,-1,-1
,-1,-1,-1,-1,-1,0,-1,-1,-1,-1,-1,0
,-1,-1,-1,-1,-1,0,-1,-1,-1,-1,-1,0
0.001,0,-1,-1,-1,-1,-1,0,-1,-1,-1,-1,-1
,-1,0,-1,-1,-1,-1,-1,0,-1,-1,-1,-1
,-1,-1,-1,0,0,-1,-1,-1,-1,0,0,-1
,-1,-1,-1,-1,-1,-1,-1,-1,-1,-1,-1,-1
0.001,0,-1,-1,-1,-1,-1,0,-1,-1,-1,-1,-1
,-1,0,-1,-1,-1,-1,-1,0,-1,-1,-1,-1
,-1,-1,-1,-1,-1,0,-1,-1,-1,-1,-1,0
,-1,-1,-1,-1,-1,0,-1,-1,-1,-1,-1,0
0.001,0,-1,-1,-1,-1,-1,0,-1,-1,-1,-1,-1
,-1,-1,0,-1,-1,-1,-1,-1,0,-1,-1,-1
,-1,-1,-1,0,0,-1,-1,-1,-1,0,0,-1
,-1,-1,-1,-1,-1,-1,-1,-1,-1,-1,-1,-1
0.001,0,-1,-1,-1,-1,-1,0,-1,-1,-1,-1,-1
,-1,-1,0,-1,-1,-1,-1,-1,0,-1,-1,-1
,-1,-1,-1,-1,-1,0,-1,-1,-1,-1,-1,0
,-1,-1,-1,-1,-1,0,-1,-1,-1,-1,-1,0
0.001,-1,0,0,-1,-1,-1,-1,0,0,-1,-1,-1
,-1,-1,-1,0,-1,-1,-1,-1,-1,0,-1,-1
,-1,-1,-1,-1,-1,0,-1,-1,-1,-1,-1,0
,-1,-1,-1,-1,-1,-1,-1,-1,-1,-1,-1,-1
0.001,-1,0,0,-1,-1,-1,-1,0,0,-1,-1,-1
,-1,-1,-1,-1,0,-1,-1,-1,-1,-1,0,-1
,-1,-1,-1,-1,-1,0,-1,-1,-1,-1,-1,0
,-1,-1,-1,-1,-1,-1,-1,-1,-1,-1,-1,-1
0.001,0,-1,-1,-1,-1,-1,0,-1,-1,-1,-1,-1
,0,-1,-1,-1,-1,-1,0,-1,-1,-1,-1,-1
,-1,-1,-1,0,-1,-1,-1,-1,-1,0,-1,-1
,-1,-1,-1,-1,-1,0,-1,-1,-1,-1,-1,0
0.001,0,-1,-1,-1,-1,-1,0,-1,-1,-1,-1,-1
,0,-1,-1,-1,-1,-1,0,-1,-1,-1,-1,-1
,-1,-1,-1,-1,0,-1,-1,-1,-1,-1,0,-1
,-1,-1,-1,-1,-1,0,-1,-1,-1,-1,-1,0
0.002,0,-1,-1,-1,-1,-1,0,-1,-1,-1,-1,-1
,-1,0,0,-1,-1,-1,-1,0,0,-1,-1,-1
,-1,-1,-1,0,-1,-1,-1,-1,-1,0,-1,-1
,-1,-1,-1,-1,-1,-1,-1,-1,-1,-1,-1,-1
0.002,0,-1,-1,-1,-1,-1,0,-1,-1,-1,-1,-1
,-1,0,0,-1,-1,-1,-1,0,0,-1,-1,-1
,-1,-1,-1,-1,0,-1,-1,-1,-1,-1,0,-1
,-1,-1,-1,-1,-1,-1,-1,-1,-1,-1,-1,-1
0.002,-1,0,-1,-1,-1,-1,-1,0,-1,-1,-1,-1
,-1,-1,-1,0,0,-1,-1,-1,-1,0,0,-1
,-1,-1,-1,-1,-1,0,-1,-1,-1,-1,-1,0
,-1,-1,-1,-1,-1,-1,-1,-1,-1,-1,-1,-1
0.002,-1,-1,0,-1,-1,-1,-1,-1,0,-1,-1,-1
,-1,-1,-1,0,0,-1,-1,-1,-1,0,0,-1
,-1,-1,-1,-1,-1,0,-1,-1,-1,-1,-1,0
,-1,-1,-1,-1,-1,-1,-1,-1,-1,-1,-1,-1
0.008,0,-1,-1,-1,-1,-1,0,-1,-1,-1,-1,-1
,-1,-1,-1,0,-1,-1,-1,-1,-1,0,-1,-1
,-1,-1,-1,0,-1,0,-1,-1,-1,0,-1,0
,-1,-1,-1,-1,-1,-1,-1,-1,-1,-1,-1,-1
0.008,0,-1,-1,-1,-1,-1,0,-1,-1,-1,-1,-1
,-1,-1,-1,-1,0,-1,-1,-1,-1,-1,0,-1
,-1,-1,-1,-1,0,0,-1,-1,-1,-1,0,0
,-1,-1,-1,-1,-1,-1,-1,-1,-1,-1,-1,-1
0.008,0,0,-1,-1,-1,-1,0,0,-1,-1,-1,-1
,-1,0,-1,-1,-1,-1,-1,0,-1,-1,-1,-1
,-1,-1,-1,-1,-1,0,-1,-1,-1,-1,-1,0
,-1,-1,-1,-1,-1,-1,-1,-1,-1,-1,-1,-1
0.008,0,-1,0,-1,-1,-1,0,-1,0,-1,-1,-1
,-1,-1,0,-1,-1,-1,-1,-1,0,-1,-1,-1
,-1,-1,-1,-1,-1,0,-1,-1,-1,-1,-1,0
,-1,-1,-1,-1,-1,-1,-1,-1,-1,-1,-1,-1
0.093,0,-1,-1,-1,-1,-1,0,-1,-1,-1,-1,-1
,-1,0,0,-1,-1,-1,-1,0,0,-1,-1,-1
,-1,-1,-1,-1,-1,0,-1,-1,-1,-1,-1,0
,-1,-1,-1,-1,-1,-1,-1,-1,-1,-1,-1,-1
0.093,0,-1,-1,-1,-1,-1,0,-1,-1,-1,-1,-1
,-1,-1,-1,0,0,-1,-1,-1,-1,0,0,-1
,-1,-1,-1,-1,-1,0,-1,-1,-1,-1,-1,0
,-1,-1,-1,-1,-1,-1,-1,-1,-1,-1,-1,-1
0.075,0,-1,-1,-1,-1,-1,0,-1,-1,-1,-1,-1
,-1,0,-1,-1,-1,-1,-1,0,-1,-1,-1,-1
,-1,-1,-1,-1,-1,0,-1,-1,-1,-1,-1,0
,-1,-1,-1,-1,-1,-1,-1,-1,-1,-1,-1,-1
0.075,0,-1,-1,-1,-1,-1,0,-1,-1,-1,-1,-1
,-1,-1,0,-1,-1,-1,-1,-1,0,-1,-1,-1
,-1,-1,-1,-1,-1,0,-1,-1,-1,-1,-1,0
,-1,-1,-1,-1,-1,-1,-1,-1,-1,-1,-1,-1
0.075,0,-1,-1,-1,-1,-1,0,-1,-1,-1,-1,-1
,-1,-1,-1,0,-1,-1,-1,-1,-1,0,-1,-1
,-1,-1,-1,-1,-1,0,-1,-1,-1,-1,-1,0
,-1,-1,-1,-1,-1,-1,-1,-1,-1,-1,-1,-1
0.075,0,-1,-1,-1,-1,-1,0,-1,-1,-1,-1,-1
,-1,-1,-1,-1,0,-1,-1,-1,-1,-1,0,-1
,-1,-1,-1,-1,-1,0,-1,-1,-1,-1,-1,0
,-1,-1,-1,-1,-1,-1,-1,-1,-1,-1,-1,-1
0.01,0,-1,-1,-1,-1,-1,0,-1,-1,-1,-1,-1
,-1,0,-1,0,-1,-1,-1,0,-1,0,-1,-1
,-1,-1,-1,-1,-1,0,-1,-1,-1,-1,-1,0
,-1,-1,-1,-1,-1,-1,-1,-1,-1,-1,-1,-1
0.01,0,-1,-1,-1,-1,-1,0,-1,-1,-1,-1,-1
,-1,0,-1,-1,0,-1,-1,0,-1,-1,0,-1
,-1,-1,-1,-1,-1,0,-1,-1,-1,-1,-1,0
,-1,-1,-1,-1,-1,-1,-1,-1,-1,-1,-1,-1
0.01,0,-1,-1,-1,-1,-1,0,-1,-1,-1,-1,-1
,-1,-1,0,0,-1,-1,-1,-1,0,0,-1,-1
,-1,-1,-1,-1,-1,0,-1,-1,-1,-1,-1,0
,-1,-1,-1,-1,-1,-1,-1,-1,-1,-1,-1,-1
0.01,0,-1,-1,-1,-1,-1,0,-1,-1,-1,-1,-1
,-1,-1,0,-1,0,-1,-1,-1,0,-1,0,-1
,-1,-1,-1,-1,-1,0,-1,-1,-1,-1,-1,0
,-1,-1,-1,-1,-1,-1,-1,-1,-1,-1,-1,-1
0.013,0,-1,-1,-1,-1,-1,0,-1,-1,-1,-1,-1
,-1,-1,-1,0,-1,-1,-1,-1,-1,0,-1,-1
,-1,-1,-1,-1,0,0,-1,-1,-1,-1,0,0
,-1,-1,-1,-1,-1,-1,-1,-1,-1,-1,-1,-1
0.013,0,-1,-1,-1,-1,-1,0,-1,-1,-1,-1,-1
,-1,-1,-1,0,-1,0,-1,-1,-1,0,-1,0
,-1,-1,-1,-1,0,-1,-1,-1,-1,-1,0,-1
,-1,-1,-1,-1,-1,-1,-1,-1,-1,-1,-1,-1
0.013,0,0,-1,-1,-1,-1,0,0,-1,-1,-1,-1
,-1,-1,0,-1,-1,-1,-1,-1,0,-1,-1,-1
,-1,-1,-1,-1,-1,0,-1,-1,-1,-1,-1,0
,-1,-1,-1,-1,-1,-1,-1,-1,-1,-1,-1,-1
0.013,0,-1,0,-1,-1,-1,0,-1,0,-1,-1,-1
,-1,0,-1,-1,-1,-1,-1,0,-1,-1,-1,-1
,-1,-1,-1,-1,-1,0,-1,-1,-1,-1,-1,0
,-1,-1,-1,-1,-1,-1,-1,-1,-1,-1,-1,-1
-0.03,0,-1,-1,-1,-1,-1,0,-1,-1,-1,-1,-1
,0,0,-1,-1,-1,-1,0,0,-1,-1,-1,-1
,-1,-1,-1,-1,-1,0,-1,-1,-1,-1,-1,0
,-1,-1,-1,-1,-1,-1,-1,-1,-1,-1,-1,-1
-0.03,0,-1,-1,-1,-1,-1,0,-1,-1,-1,-1,-1
,0,-1,0,-1,-1,-1,0,-1,0,-1,-1,-1
,-1,-1,-1,-1,-1,0,-1,-1,-1,-1,-1,0
,-1,-1,-1,-1,-1,-1,-1,-1,-1,-1,-1,-1
-0.03,0,-1,-1,-1,-1,-1,0,-1,-1,-1,-1,-1
,-1,-1,-1,0,-1,0,-1,-1,-1,0,-1,0
,-1,-1,-1,-1,-1,0,-1,-1,-1,-1,-1,0
,-1,-1,-1,-1,-1,-1,-1,-1,-1,-1,-1,-1
-0.03,0,-1,-1,-1,-1,-1,0,-1,-1,-1,-1,-1
,-1,-1,-1,-1,0,0,-1,-1,-1,-1,0,0
,-1,-1,-1,-1,-1,0,-1,-1,-1,-1,-1,0
,-1,-1,-1,-1,-1,-1,-1,-1,-1,-1,-1,-1
-0.001,0,-1,-1,-1,-1,-1,0,-1,-1,-1,-1,-1
,0,0,-1,-1,-1,-1,0,0,-1,-1,-1,-1
,-1,-1,-1,0,-1,-1,-1,-1,-1,0,-1,-1
,-1,-1,-1,-1,-1,-1,-1,-1,-1,-1,-1,-1
-0.001,0,-1,-1,-1,-1,-1,0,-1,-1,-1,-1,-1
,0,0,-1,-1,-1,-1,0,0,-1,-1,-1,-1
,-1,-1,-1,-1,0,-1,-1,-1,-1,-1,0,-1
,-1,-1,-1,-1,-1,-1,-1,-1,-1,-1,-1,-1
-0.001,0,-1,-1,-1,-1,-1,0,-1,-1,-1,-1,-1
,0,-1,0,-1,-1,-1,0,-1,0,-1,-1,-1
,-1,-1,-1,0,-1,-1,-1,-1,-1,0,-1,-1
,-1,-1,-1,-1,-1,-1,-1,-1,-1,-1,-1,-1
-0.001,0,-1,-1,-1,-1,-1,0,-1,-1,-1,-1,-1
,0,-1,0,-1,-1,-1,0,-1,0,-1,-1,-1
,-1,-1,-1,-1,0,-1,-1,-1,-1,-1,0,-1
,-1,-1,-1,-1,-1,-1,-1,-1,-1,-1,-1,-1
-0.001,0,-1,-1,-1,-1,-1,0,-1,-1,-1,-1,-1
,-1,0,-1,0,-1,-1,-1,0,-1,0,-1,-1
,-1,-1,-1,-1,0,-1,-1,-1,-1,-1,0,-1
,-1,-1,-1,-1,-1,-1,-1,-1,-1,-1,-1,-1
-0.001,0,-1,-1,-1,-1,-1,0,-1,-1,-1,-1,-1
,-1,0,-1,-1,0,-1,-1,0,-1,-1,0,-1
,-1,-1,-1,0,-1,-1,-1,-1,-1,0,-1,-1
,-1,-1,-1,-1,-1,-1,-1,-1,-1,-1,-1,-1
-0.001,0,-1,-1,-1,-1,-1,0,-1,-1,-1,-1,-1
,-1,-1,0,0,-1,-1,-1,-1,0,0,-1,-1
,-1,-1,-1,-1,0,-1,-1,-1,-1,-1,0,-1
,-1,-1,-1,-1,-1,-1,-1,-1,-1,-1,-1,-1
-0.001,0,-1,-1,-1,-1,-1,0,-1,-1,-1,-1,-1
,-1,-1,0,-1,0,-1,-1,-1,0,-1,0,-1
,-1,-1,-1,0,-1,-1,-1,-1,-1,0,-1,-1
,-1,-1,-1,-1,-1,-1,-1,-1,-1,-1,-1,-1
-0.001,-1,0,-1,-1,-1,-1,-1,0,-1,-1,-1,-1
,-1,-1,0,0,-1,-1,-1,-1,0,0,-1,-1
,-1,-1,-1,-1,-1,0,-1,-1,-1,-1,-1,0
,-1,-1,-1,-1,-1,-1,-1,-1,-1,-1,-1,-1
-0.001,-1,0,-1,-1,-1,-1,-1,0,-1,-1,-1,-1
,-1,-1,0,-1,0,-1,-1,-1,0,-1,0,-1
,-1,-1,-1,-1,-1,0,-1,-1,-1,-1,-1,0
,-1,-1,-1,-1,-1,-1,-1,-1,-1,-1,-1,-1
-0.001,-1,0,-1,-1,-1,-1,-1,0,-1,-1,-1,-1
,-1,-1,-1,0,-1,0,-1,-1,-1,0,-1,0
,-1,-1,-1,-1,-1,0,-1,-1,-1,-1,-1,0
,-1,-1,-1,-1,-1,-1,-1,-1,-1,-1,-1,-1
-0.001,-1,0,-1,-1,-1,-1,-1,0,-1,-1,-1,-1
,-1,-1,-1,-1,0,0,-1,-1,-1,-1,0,0
,-1,-1,-1,-1,-1,0,-1,-1,-1,-1,-1,0
,-1,-1,-1,-1,-1,-1,-1,-1,-1,-1,-1,-1
-0.001,-1,0,-1,0,-1,-1,-1,0,-1,0,-1,-1
,-1,-1,0,-1,-1,-1,-1,-1,0,-1,-1,-1
,-1,-1,-1,-1,-1,0,-1,-1,-1,-1,-1,0
,-1,-1,-1,-1,-1,-1,-1,-1,-1,-1,-1,-1
-0.001,-1,0,-1,-1,0,-1,-1,0,-1,-1,0,-1
,-1,-1,0,-1,-1,-1,-1,-1,0,-1,-1,-1
,-1,-1,-1,-1,-1,0,-1,-1,-1,-1,-1,0
,-1,-1,-1,-1,-1,-1,-1,-1,-1,-1,-1,-1
-0.001,-1,-1,0,-1,-1,-1,-1,-1,0,-1,-1,-1
,-1,-1,-1,0,-1,0,-1,-1,-1,0,-1,0
,-1,-1,-1,-1,-1,0,-1,-1,-1,-1,-1,0
,-1,-1,-1,-1,-1,-1,-1,-1,-1,-1,-1,-1
-0.001,-1,-1,0,-1,-1,-1,-1,-1,0,-1,-1,-1
,-1,-1,-1,-1,0,0,-1,-1,-1,-1,0,0
,-1,-1,-1,-1,-1,0,-1,-1,-1,-1,-1,0
,-1,-1,-1,-1,-1,-1,-1,-1,-1,-1,-1,-1
-0.002,0,-1,-1,-1,-1,-1,0,-1,-1,-1,-1,-1
,-1,-1,-1,0,-1,-1,-1,-1,-1,0,-1,-1
,-1,-1,-1,0,0,-1,-1,-1,-1,0,0,-1
,-1,-1,-1,-1,-1,-1,-1,-1,-1,-1,-1,-1
-0.002,0,-1,-1,-1,-1,-1,0,-1,-1,-1,-1,-1
,-1,-1,-1,0,0,-1,-1,-1,-1,0,0,-1
,-1,-1,-1,-1,0,-1,-1,-1,-1,-1,0,-1
,-1,-1,-1,-1,-1,-1,-1,-1,-1,-1,-1,-1
-0.002,-1,0,-1,-1,-1,-1,-1,0,-1,-1,-1,-1
,-1,0,0,-1,-1,-1,-1,0,0,-1,-1,-1
,-1,-1,-1,-1,-1,0,-1,-1,-1,-1,-1,0
,-1,-1,-1,-1,-1,-1,-1,-1,-1,-1,-1,-1
-0.002,-1,0,0,-1,-1,-1,-1,0,0,-1,-1,-1
,-1,-1,0,-1,-1,-1,-1,-1,0,-1,-1,-1
,-1,-1,-1,-1,-1,0,-1,-1,-1,-1,-1,0
,-1,-1,-1,-1,-1,-1,-1,-1,-1,-1,-1,-1
-0.004,-1,0,-1,-1,-1,-1,-1,0,-1,-1,-1,-1
,-1,-1,0,-1,-1,-1,-1,-1,0,-1,-1,-1
,-1,-1,-1,-1,-1,0,-1,-1,-1,-1,-1,0
,-1,-1,-1,-1,-1,0,-1,-1,-1,-1,-1,0
-0.004,0,-1,-1,-1,-1,-1,0,-1,-1,-1,-1,-1
,0,-1,-1,-1,-1,-1,0,-1,-1,-1,-1,-1
,-1,-1,-1,0,-1,-1,-1,-1,-1,0,-1,-1
,-1,-1,-1,-1,0,-1,-1,-1,-1,-1,0,-1
-0.005,0,-1,-1,-1,-1,-1,0,-1,-1,-1,-1,-1
,-1,0,-1,-1,-1,-1,-1,0,-1,-1,-1,-1
,-1,-1,-1,0,-1,-1,-1,-1,-1,0,-1,-1
,-1,-1,-1,-1,-1,-1,-1,-1,-1,-1,-1,-1
-0.005,0,-1,-1,-1,-1,-1,0,-1,-1,-1,-1,-1
,-1,0,-1,-1,-1,-1,-1,0,-1,-1,-1,-1
,-1,-1,-1,-1,0,-1,-1,-1,-1,-1,0,-1
,-1,-1,-1,-1,-1,-1,-1,-1,-1,-1,-1,-1
-0.005,0,-1,-1,-1,-1,-1,0,-1,-1,-1,-1,-1
,-1,-1,0,-1,-1,-1,-1,-1,0,-1,-1,-1
,-1,-1,-1,0,-1,-1,-1,-1,-1,0,-1,-1
,-1,-1,-1,-1,-1,-1,-1,-1,-1,-1,-1,-1
-0.005,0,-1,-1,-1,-1,-1,0,-1,-1,-1,-1,-1
,-1,-1,0,-1,-1,-1,-1,-1,0,-1,-1,-1
,-1,-1,-1,-1,0,-1,-1,-1,-1,-1,0,-1
,-1,-1,-1,-1,-1,-1,-1,-1,-1,-1,-1,-1
-0.005,-1,0,-1,-1,-1,-1,-1,0,-1,-1,-1,-1
,-1,-1,-1,0,-1,-1,-1,-1,-1,0,-1,-1
,-1,-1,-1,-1,-1,0,-1,-1,-1,-1,-1,0
,-1,-1,-1,-1,-1,-1,-1,-1,-1,-1,-1,-1
-0.005,-1,0,-1,-1,-1,-1,-1,0,-1,-1,-1,-1
,-1,-1,-1,-1,0,-1,-1,-1,-1,-1,0,-1
,-1,-1,-1,-1,-1,0,-1,-1,-1,-1,-1,0
,-1,-1,-1,-1,-1,-1,-1,-1,-1,-1,-1,-1
-0.005,-1,-1,0,-1,-1,-1,-1,-1,0,-1,-1,-1
,-1,-1,-1,0,-1,-1,-1,-1,-1,0,-1,-1
,-1,-1,-1,-1,-1,0,-1,-1,-1,-1,-1,0
,-1,-1,-1,-1,-1,-1,-1,-1,-1,-1,-1,-1
-0.005,-1,-1,0,-1,-1,-1,-1,-1,0,-1,-1,-1
,-1,-1,-1,-1,0,-1,-1,-1,-1,-1,0,-1
,-1,-1,-1,-1,-1,0,-1,-1,-1,-1,-1,0
,-1,-1,-1,-1,-1,-1,-1,-1,-1,-1,-1,-1
-0.01,0,-1,-1,-1,-1,-1,0,-1,-1,-1,-1,-1
,-1,-1,-1,0,-1,-1,-1,-1,-1,0,-1,-1
,-1,-1,-1,-1,0,-1,-1,-1,-1,-1,0,-1
,-1,-1,-1,-1,-1,-1,-1,-1,-1,-1,-1,-1
-0.01,-1,0,-1,-1,-1,-1,-1,0,-1,-1,-1,-1
,-1,-1,0,-1,-1,-1,-1,-1,0,-1,-1,-1
,-1,-1,-1,-1,-1,0,-1,-1,-1,-1,-1,0
,-1,-1,-1,-1,-1,-1,-1,-1,-1,-1,-1,-1
-0.007,0,-1,-1,-1,-1,-1,0,-1,-1,-1,-1,-1
,-1,0,-1,-1,-1,-1,-1,0,-1,-1,-1,-1
,-1,-1,-1,0,-1,0,-1,-1,-1,0,-1,0
,-1,-1,-1,-1,-1,-1,-1,-1,-1,-1,-1,-1
-0.007,0,-1,-1,-1,-1,-1,0,-1,-1,-1,-1,-1
,-1,0,-1,-1,-1,-1,-1,0,-1,-1,-1,-1
,-1,-1,-1,-1,0,0,-1,-1,-1,-1,0,0
,-1,-1,-1,-1,-1,-1,-1,-1,-1,-1,-1,-1
-0.007,0,-1,-1,-1,-1,-1,0,-1,-1,-1,-1,-1
,-1,-1,0,-1,-1,-1,-1,-1,0,-1,-1,-1
,-1,-1,-1,0,-1,0,-1,-1,-1,0,-1,0
,-1,-1,-1,-1,-1,-1,-1,-1,-1,-1,-1,-1
-0.007,0,-1,-1,-1,-1,-1,0,-1,-1,-1,-1,-1
,-1,-1,0,-1,-1,-1,-1,-1,0,-1,-1,-1
,-1,-1,-1,-1,0,0,-1,-1,-1,-1,0,0
,-1,-1,-1,-1,-1,-1,-1,-1,-1,-1,-1,-1
-0.007,0,0,-1,-1,-1,-1,0,0,-1,-1,-1,-1
,-1,-1,-1,0,-1,-1,-1,-1,-1,0,-1,-1
,-1,-1,-1,-1,-1,0,-1,-1,-1,-1,-1,0
,-1,-1,-1,-1,-1,-1,-1,-1,-1,-1,-1,-1
-0.007,0,0,-1,-1,-1,-1,0,0,-1,-1,-1,-1
,-1,-1,-1,-1,0,-1,-1,-1,-1,-1,0,-1
,-1,-1,-1,-1,-1,0,-1,-1,-1,-1,-1,0
,-1,-1,-1,-1,-1,-1,-1,-1,-1,-1,-1,-1
-0.007,0,-1,0,-1,-1,-1,0,-1,0,-1,-1,-1
,-1,-1,-1,0,-1,-1,-1,-1,-1,0,-1,-1
,-1,-1,-1,-1,-1,0,-1,-1,-1,-1,-1,0
,-1,-1,-1,-1,-1,-1,-1,-1,-1,-1,-1,-1
-0.007,0,-1,0,-1,-1,-1,0,-1,0,-1,-1,-1
,-1,-1,-1,-1,0,-1,-1,-1,-1,-1,0,-1
,-1,-1,-1,-1,-1,0,-1,-1,-1,-1,-1,0
,-1,-1,-1,-1,-1,-1,-1,-1,-1,-1,-1,-1
-0.004,0,-1,-1,-1,-1,-1,0,-1,-1,-1,-1,-1
,-1,0,-1,-1,-1,-1,-1,0,-1,-1,-1,-1
,-1,-1,-1,0,-1,-1,-1,-1,-1,0,-1,-1
,-1,-1,-1,-1,-1,0,-1,-1,-1,-1,-1,0
-0.004,0,-1,-1,-1,-1,-1,0,-1,-1,-1,-1,-1
,-1,0,-1,-1,-1,-1,-1,0,-1,-1,-1,-1
,-1,-1,-1,-1,0,-1,-1,-1,-1,-1,0,-1
,-1,-1,-1,-1,-1,0,-1,-1,-1,-1,-1,0
-0.004,0,-1,-1,-1,-1,-1,0,-1,-1,-1,-1,-1
,-1,-1,0,-1,-1,-1,-1,-1,0,-1,-1,-1
,-1,-1,-1,0,-1,-1,-1,-1,-1,0,-1,-1
,-1,-1,-1,-1,-1,0,-1,-1,-1,-1,-1,0
-0.004,0,-1,-1,-1,-1,-1,0,-1,-1,-1,-1,-1
,-1,-1,0,-1,-1,-1,-1,-1,0,-1,-1,-1
,-1,-1,-1,-1,0,-1,-1,-1,-1,-1,0,-1
,-1,-1,-1,-1,-1,0,-1,-1,-1,-1,-1,0
