0.001,0,-1,0,-1,0,-1,0,-1,0,-1,0,-1
,0,-1,0,-1,0,-1,0,-1,0,-1,0,-1
,-1,-1,-1,-1,-1,-1,-1,-1,-1,-1,-1,-1
,-1,-1,-1,-1,-1,-1,-1,-1,-1,-1,-1,-1
0.001,0,-1,0,-1,-1,0,0,-1,0,-1,-1,0
,0,-1,0,-1,-1,0,0,-1,0,-1,-1,0
,-1,-1,-1,-1,-1,-1,-1,-1,-1,-1,-1,-1
,-1,-1,-1,-1,-1,-1,-1,-1,-1,-1,-1,-1
0.001,0,-1,-1,0,0,-1,0,-1,-1,0,0,-1
,0,-1,-1,0,0,-1,0,-1,-1,0,0,-1
,-1,-1,-1,-1,-1,-1,-1,-1,-1,-1,-1,-1
,-1,-1,-1,-1,-1,-1,-1,-1,-1,-1,-1,-1
0.001,0,-1,-1,0,-1,0,0,-1,-1,0,-1,0
,0,-1,-1,0,-1,0,0,-1,-1,0,-1,0
,-1,-1,-1,-1,-1,-1,-1,-1,-1,-1,-1,-1
,-1,-1,-1,-1,-1,-1,-1,-1,-1,-1,-1,-1
0.001,-1,0,0,-1,0,-1,-1,0,0,-1,0,-1
,-1,0,0,-1,0,-1,-1,0,0,-1,0,-1
,-1,-1,-1,-1,-1,-1,-1,-1,-1,-1,-1,-1
,-1,-1,-1,-1,-1,-1,-1,-1,-1,-1,-1,-1
0.001,-1,0,0,-1,-1,0,-1,0,0,-1,-1,0
,-1,0,0,-1,-1,0,-1,0,0,-1,-1,0
,-1,-1,-1,-1,-1,-1,-1,-1,-1,-1,-1,-1
,-1,-1,-1,-1,-1,-1,-1,-1,-1,-1,-1,-1
0.001,-1,0,-1,0,0,-1,-1,0,-1,0,0,-1
,-1,0,-1,0,0,-1,-1,0,-1,0,0,-1
,-1,-1,-1,-1,-1,-1,-1,-1,-1,-1,-1,-1
,-1,-1,-1,-1,-1,-1,-1,-1,-1,-1,-1,-1
0.001,-1,0,-1,0,-1,0,-1,0,-1,0,-1,0
,-1,0,-1,0,-1,0,-1,0,-1,0,-1,0
,-1,-1,-1,-1,-1,-1,-1,-1,-1,-1,-1,-1
,-1,-1,-1,-1,-1,-1,-1,-1,-1,-1,-1,-1
0.011,0,0,-1,-1,-1,-1,0,0,-1,-1,-1,-1
,0,0,-1,-1,-1,-1,0,0,-1,-1,-1,-1
,-1,-1,-1,-1,-1,-1,-1,-1,-1,-1,-1,-1
,-1,-1,-1,-1,-1,-1,-1,-1,-1,-1,-1,-1
0.011,-1,-1,-1,-1,0,0,-1,-1,-1,-1,0,0
,-1,-1,-1,-1,0,0,-1,-1,-1,-1,0,0
,-1,-1,-1,-1,-1,-1,-1,-1,-1,-1,-1,-1
,-1,-1,-1,-1,-1,-1,-1,-1,-1,-1,-1,-1
0.144,0,-1,0,0,0,-1,0,-1,0,0,0,-1
,-1,-1,-1,-1,-1,-1,-1,-1,-1,-1,-1,-1
,-1,-1,-1,-1,-1,-1,-1,-1,-1,-1,-1,-1
,-1,-1,-1,-1,-1,-1,-1,-1,-1,-1,-1,-1
0.144,0,-1,0,0,-1,0,0,-1,0,0,-1,0
,-1,-1,-1,-1,-1,-1,-1,-1,-1,-1,-1,-1
,-1,-1,-1,-1,-1,-1,-1,-1,-1,-1,-1,-1
,-1,-1,-1,-1,-1,-1,-1,-1,-1,-1,-1,-1
0.144,-1,0,0,0,0,-1,-1,0,0,0,0,-1
,-1,-1,-1,-1,-1,-1,-1,-1,-1,-1,-1,-1
,-1,-1,-1,-1,-1,-1,-1,-1,-1,-1,-1,-1
,-1,-1,-1,-1,-1,-1,-1,-1,-1,-1,-1,-1
0.144,-1,0,0,0,-1,0,-1,0,0,0,-1,0
,-1,-1,-1,-1,-1,-1,-1,-1,-1,-1,-1,-1
,-1,-1,-1,-1,-1,-1,-1,-1,-1,-1,-1,-1
,-1,-1,-1,-1,-1,-1,-1,-1,-1,-1,-1,-1
0.147,0,0,0,0,-1,-1,0,0,0,0,-1,-1
,-1,-1,-1,-1,-1,-1,-1,-1,-1,-1,-1,-1
,-1,-1,-1,-1,-1,-1,-1,-1,-1,-1,-1,-1
,-1,-1,-1,-1,-1,-1,-1,-1,-1,-1,-1,-1
0.147,-1,-1,0,0,0,0,-1,-1,0,0,0,0
,-1,-1,-1,-1,-1,-1,-1,-1,-1,-1,-1,-1
,-1,-1,-1,-1,-1,-1,-1,-1,-1,-1,-1,-1
,-1,-1,-1,-1,-1,-1,-1,-1,-1,-1,-1,-1
0.005,0,0,0,-1,-1,-1,0,0,0,-1,-1,-1
,0,0,0,-1,-1,-1,0,0,0,-1,-1,-1
,-1,-1,-1,-1,-1,-1,-1,-1,-1,-1,-1,-1
,-1,-1,-1,-1,-1,-1,-1,-1,-1,-1,-1,-1
0.005,0,0,-1,0,-1,-1,0,0,-1,0,-1,-1
,0,0,-1,0,-1,-1,0,0,-1,0,-1,-1
,-1,-1,-1,-1,-1,-1,-1,-1,-1,-1,-1,-1
,-1,-1,-1,-1,-1,-1,-1,-1,-1,-1,-1,-1
0.005,-1,-1,0,-1,0,0,-1,-1,0,-1,0,0
,-1,-1,0,-1,0,0,-1,-1,0,-1,0,0
,-1,-1,-1,-1,-1,-1,-1,-1,-1,-1,-1,-1
,-1,-1,-1,-1,-1,-1,-1,-1,-1,-1,-1,-1
0.005,-1,-1,-1,0,0,0,-1,-1,-1,0,0,0
,-1,-1,-1,0,0,0,-1,-1,-1,0,0,0
,-1,-1,-1,-1,-1,-1,-1,-1,-1,-1,-1,-1
,-1,-1,-1,-1,-1,-1,-1,-1,-1,-1,-1,-1
0.165,0,0,-1,-1,-1,-1,0,0,-1,-1,-1,-1
,-1,-1,-1,-1,-1,-1,-1,-1,-1,-1,-1,-1
,-1,-1,-1,-1,-1,-1,-1,-1,-1,-1,-1,-1
,-1,-1,-1,-1,-1,-1,-1,-1,-1,-1,-1,-1
0.165,-1,-1,-1,-1,0,0,-1,-1,-1,-1,0,0
,-1,-1,-1,-1,-1,-1,-1,-1,-1,-1,-1,-1
,-1,-1,-1,-1,-1,-1,-1,-1,-1,-1,-1,-1
,-1,-1,-1,-1,-1,-1,-1,-1,-1,-1,-1,-1
0.435,0,0,0,-1,0,-1,0,0,0,-1,0,-1
,-1,-1,-1,-1,-1,-1,-1,-1,-1,-1,-1,-1
,-1,-1,-1,-1,-1,-1,-1,-1,-1,-1,-1,-1
,-1,-1,-1,-1,-1,-1,-1,-1,-1,-1,-1,-1
0.435,0,0,0,-1,-1,0,0,0,0,-1,-1,0
,-1,-1,-1,-1,-1,-1,-1,-1,-1,-1,-1,-1
,-1,-1,-1,-1,-1,-1,-1,-1,-1,-1,-1,-1
,-1,-1,-1,-1,-1,-1,-1,-1,-1,-1,-1,-1
0.435,0,0,-1,0,0,-1,0,0,-1,0,0,-1
,-1,-1,-1,-1,-1,-1,-1,-1,-1,-1,-1,-1
,-1,-1,-1,-1,-1,-1,-1,-1,-1,-1,-1,-1
,-1,-1,-1,-1,-1,-1,-1,-1,-1,-1,-1,-1
0.435,0,0,-1,0,-1,0,0,0,-1,0,-1,0
,-1,-1,-1,-1,-1,-1,-1,-1,-1,-1,-1,-1
,-1,-1,-1,-1,-1,-1,-1,-1,-1,-1,-1,-1
,-1,-1,-1,-1,-1,-1,-1,-1,-1,-1,-1,-1
0.435,0,-1,0,-1,0,0,0,-1,0,-1,0,0
,-1,-1,-1,-1,-1,-1,-1,-1,-1,-1,-1,-1
,-1,-1,-1,-1,-1,-1,-1,-1,-1,-1,-1,-1
,-1,-1,-1,-1,-1,-1,-1,-1,-1,-1,-1,-1
0.435,0,-1,-1,0,0,0,0,-1,-1,0,0,0
,-1,-1,-1,-1,-1,-1,-1,-1,-1,-1,-1,-1
,-1,-1,-1,-1,-1,-1,-1,-1,-1,-1,-1,-1
,-1,-1,-1,-1,-1,-1,-1,-1,-1,-1,-1,-1
0.435,-1,0,0,-1,0,0,-1,0,0,-1,0,0
,-1,-1,-1,-1,-1,-1,-1,-1,-1,-1,-1,-1
,-1,-1,-1,-1,-1,-1,-1,-1,-1,-1,-1,-1
,-1,-1,-1,-1,-1,-1,-1,-1,-1,-1,-1,-1
0.435,-1,0,-1,0,0,0,-1,0,-1,0,0,0
,-1,-1,-1,-1,-1,-1,-1,-1,-1,-1,-1,-1
,-1,-1,-1,-1,-1,-1,-1,-1,-1,-1,-1,-1
,-1,-1,-1,-1,-1,-1,-1,-1,-1,-1,-1,-1
0.87,0,0,0,0,0,0,0,0,0,0,0,0
,-1,-1,-1,-1,-1,-1,-1,-1,-1,-1,-1,-1
,-1,-1,-1,-1,-1,-1,-1,-1,-1,-1,-1,-1
,-1,-1,-1,-1,-1,-1,-1,-1,-1,-1,-1,-1
-0.144,0,-1,0,-1,0,-1,0,-1,0,-1,0,-1
,-1,-1,-1,-1,-1,-1,-1,-1,-1,-1,-1,-1
,-1,-1,-1,-1,-1,-1,-1,-1,-1,-1,-1,-1
,-1,-1,-1,-1,-1,-1,-1,-1,-1,-1,-1,-1
-0.144,0,-1,0,-1,-1,0,0,-1,0,-1,-1,0
,-1,-1,-1,-1,-1,-1,-1,-1,-1,-1,-1,-1
,-1,-1,-1,-1,-1,-1,-1,-1,-1,-1,-1,-1
,-1,-1,-1,-1,-1,-1,-1,-1,-1,-1,-1,-1
-0.144,0,-1,-1,0,0,-1,0,-1,-1,0,0,-1
,-1,-1,-1,-1,-1,-1,-1,-1,-1,-1,-1,-1
,-1,-1,-1,-1,-1,-1,-1,-1,-1,-1,-1,-1
,-1,-1,-1,-1,-1,-1,-1,-1,-1,-1,-1,-1
-0.144,0,-1,-1,0,-1,0,0,-1,-1,0,-1,0
,-1,-1,-1,-1,-1,-1,-1,-1,-1,-1,-1,-1
,-1,-1,-1,-1,-1,-1,-1,-1,-1,-1,-1,-1
,-1,-1,-1,-1,-1,-1,-1,-1,-1,-1,-1,-1
-0.144,-1,0,0,-1,0,-1,-1,0,0,-1,0,-1
,-1,-1,-1,-1,-1,-1,-1,-1,-1,-1,-1,-1
,-1,-1,-1,-1,-1,-1,-1,-1,-1,-1,-1,-1
,-1,-1,-1,-1,-1,-1,-1,-1,-1,-1,-1,-1
-0.144,-1,0,0,-1,-1,0,-1,0,0,-1,-1,0
,-1,-1,-1,-1,-1,-1,-1,-1,-1,-1,-1,-1
,-1,-1,-1,-1,-1,-1,-1,-1,-1,-1,-1,-1
,-1,-1,-1,-1,-1,-1,-1,-1,-1,-1,-1,-1
-0.144,-1,0,-1,0,0,-1,-1,0,-1,0,0,-1
,-1,-1,-1,-1,-1,-1,-1,-1,-1,-1,-1,-1
,-1,-1,-1,-1,-1,-1,-1,-1,-1,-1,-1,-1
,-1,-1,-1,-1,-1,-1,-1,-1,-1,-1,-1,-1
-0.144,-1,0,-1,0,-1,0,-1,0,-1,0,-1,0
,-1,-1,-1,-1,-1,-1,-1,-1,-1,-1,-1,-1
,-1,-1,-1,-1,-1,-1,-1,-1,-1,-1,-1,-1
,-1,-1,-1,-1,-1,-1,-1,-1,-1,-1,-1,-1
-0.147,0,0,0,-1,-1,-1,0,0,0,-1,-1,-1
,-1,-1,-1,-1,-1,-1,-1,-1,-1,-1,-1,-1
,-1,-1,-1,-1,-1,-1,-1,-1,-1,-1,-1,-1
,-1,-1,-1,-1,-1,-1,-1,-1,-1,-1,-1,-1
-0.147,0,0,-1,0,-1,-1,0,0,-1,0,-1,-1
,-1,-1,-1,-1,-1,-1,-1,-1,-1,-1,-1,-1
,-1,-1,-1,-1,-1,-1,-1,-1,-1,-1,-1,-1
,-1,-1,-1,-1,-1,-1,-1,-1,-1,-1,-1,-1
-0.147,-1,-1,0,-1,0,0,-1,-1,0,-1,0,0
,-1,-1,-1,-1,-1,-1,-1,-1,-1,-1,-1,-1
,-1,-1,-1,-1,-1,-1,-1,-1,-1,-1,-1,-1
,-1,-1,-1,-1,-1,-1,-1,-1,-1,-1,-1,-1
-0.147,-1,-1,-1,0,0,0,-1,-1,-1,0,0,0
,-1,-1,-1,-1,-1,-1,-1,-1,-1,-1,-1,-1
,-1,-1,-1,-1,-1,-1,-1,-1,-1,-1,-1,-1
,-1,-1,-1,-1,-1,-1,-1,-1,-1,-1,-1,-1
-0.435,0,0,0,0,0,-1,0,0,0,0,0,-1
,-1,-1,-1,-1,-1,-1,-1,-1,-1,-1,-1,-1
,-1,-1,-1,-1,-1,-1,-1,-1,-1,-1,-1,-1
,-1,-1,-1,-1,-1,-1,-1,-1,-1,-1,-1,-1
-0.435,0,0,0,0,-1,0,0,0,0,0,-1,0
,-1,-1,-1,-1,-1,-1,-1,-1,-1,-1,-1,-1
,-1,-1,-1,-1,-1,-1,-1,-1,-1,-1,-1,-1
,-1,-1,-1,-1,-1,-1,-1,-1,-1,-1,-1,-1
-0.435,0,-1,0,0,0,0,0,-1,0,0,0,0
,-1,-1,-1,-1,-1,-1,-1,-1,-1,-1,-1,-1
,-1,-1,-1,-1,-1,-1,-1,-1,-1,-1,-1,-1
,-1,-1,-1,-1,-1,-1,-1,-1,-1,-1,-1,-1
-0.435,-1,0,0,0,0,0,-1,0,0,0,0,0
,-1,-1,-1,-1,-1,-1,-1,-1,-1,-1,-1,-1
,-1,-1,-1,-1,-1,-1,-1,-1,-1,-1,-1,-1
,-1,-1,-1,-1,-1,-1,-1,-1,-1,-1,-1,-1
-0.87,0,0,0,-1,0,0,0,0,0,-1,0,0
,-1,-1,-1,-1,-1,-1,-1,-1,-1,-1,-1,-1
,-1,-1,-1,-1,-1,-1,-1,-1,-1,-1,-1,-1
,-1,-1,-1,-1,-1,-1,-1,-1,-1,-1,-1,-1
-0.87,0,0,-1,0,0,0,0,0,-1,0,0,0
,-1,-1,-1,-1,-1,-1,-1,-1,-1,-1,-1,-1
,-1,-1,-1,-1,-1,-1,-1,-1,-1,-1,-1,-1
,-1,-1,-1,-1,-1,-1,-1,-1,-1,-1,-1,-1
1.0,0,0,-1,-1,-1,-1,0,0,-1,-1,-1,-1
,-1,-1,-1,-1,0,0,-1,-1,-1,-1,0,0
,-1,-1,-1,-1,-1,-1,-1,-1,-1,-1,-1,-1
,-1,-1,-1,-1,-1,-1,-1,-1,-1,-1,-1,-1
0.002,0,-1,0,-1,0,-1,0,-1,0,-1,0,-1
,0,-1,-1,0,0,-1,0,-1,-1,0,0,-1
,-1,-1,-1,-1,-1,-1,-1,-1,-1,-1,-1,-1
,-1,-1,-1,-1,-1,-1,-1,-1,-1,-1,-1,-1
0.002,0,-1,0,-1,0,-1,0,-1,0,-1,0,-1
,-1,0,0,-1,-1,0,-1,0,0,-1,-1,0
,-1,-1,-1,-1,-1,-1,-1,-1,-1,-1,-1,-1
,-1,-1,-1,-1,-1,-1,-1,-1,-1,-1,-1,-1
0.002,0,-1,0,-1,0,-1,0,-1,0,-1,0,-1
,-1,0,-1,0,-1,0,-1,0,-1,0,-1,0
,-1,-1,-1,-1,-1,-1,-1,-1,-1,-1,-1,-1
,-1,-1,-1,-1,-1,-1,-1,-1,-1,-1,-1,-1
0.002,0,-1,0,-1,-1,0,0,-1,0,-1,-1,0
,0,-1,-1,0,-1,0,0,-1,-1,0,-1,0
,-1,-1,-1,-1,-1,-1,-1,-1,-1,-1,-1,-1
,-1,-1,-1,-1,-1,-1,-1,-1,-1,-1,-1,-1
0.002,0,-1,0,-1,-1,0,0,-1,0,-1,-1,0
,-1,0,0,-1,0,-1,-1,0,0,-1,0,-1
,-1,-1,-1,-1,-1,-1,-1,-1,-1,-1,-1,-1
,-1,-1,-1,-1,-1,-1,-1,-1,-1,-1,-1,-1
0.002,0,-1,0,-1,-1,0,0,-1,0,-1,-1,0
,-1,0,-1,0,0,-1,-1,0,-1,0,0,-1
,-1,-1,-1,-1,-1,-1,-1,-1,-1,-1,-1,-1
,-1,-1,-1,-1,-1,-1,-1,-1,-1,-1,-1,-1
0.002,0,-1,-1,0,0,-1,0,-1,-1,0,0,-1
,-1,0,0,-1,-1,0,-1,0,0,-1,-1,0
,-1,-1,-1,-1,-1,-1,-1,-1,-1,-1,-1,-1
,-1,-1,-1,-1,-1,-1,-1,-1,-1,-1,-1,-1
0.002,0,-1,-1,0,0,-1,0,-1,-1,0,0,-1
,-1,0,-1,0,-1,0,-1,0,-1,0,-1,0
,-1,-1,-1,-1,-1,-1,-1,-1,-1,-1,-1,-1
,-1,-1,-1,-1,-1,-1,-1,-1,-1,-1,-1,-1
0.002,0,-1,-1,0,-1,0,0,-1,-1,0,-1,0
,-1,0,0,-1,0,-1,-1,0,0,-1,0,-1
,-1,-1,-1,-1,-1,-1,-1,-1,-1,-1,-1,-1
,-1,-1,-1,-1,-1,-1,-1,-1,-1,-1,-1,-1
0.002,0,-1,-1,0,-1,0,0,-1,-1,0,-1,0
,-1,0,-1,0,0,-1,-1,0,-1,0,0,-1
,-1,-1,-1,-1,-1,-1,-1,-1,-1,-1,-1,-1
,-1,-1,-1,-1,-1,-1,-1,-1,-1,-1,-1,-1
0.002,-1,0,0,-1,0,-1,-1,0,0,-1,0,-1
,-1,0,-1,0,0,-1,-1,0,-1,0,0,-1
,-1,-1,-1,-1,-1,-1,-1,-1,-1,-1,-1,-1
,-1,-1,-1,-1,-1,-1,-1,-1,-1,-1,-1,-1
0.002,-1,0,0,-1,-1,0,-1,0,0,-1,-1,0
,-1,0,-1,0,-1,0,-1,0,-1,0,-1,0
,-1,-1,-1,-1,-1,-1,-1,-1,-1,-1,-1,-1
,-1,-1,-1,-1,-1,-1,-1,-1,-1,-1,-1,-1
0.002,0,-1,-1,-1,-1,-1,0,-1,-1,-1,-1,-1
,0,-1,-1,-1,-1,-1,0,-1,-1,-1,-1,-1
,-1,-1,-1,-1,0,-1,-1,-1,-1,-1,0,-1
,-1,-1,-1,-1,0,-1,-1,-1,-1,-1,0,-1
0.002,0,-1,-1,-1,-1,-1,0,-1,-1,-1,-1,-1
,0,-1,-1,-1,-1,-1,0,-1,-1,-1,-1,-1
,-1,-1,-1,-1,-1,0,-1,-1,-1,-1,-1,0
,-1,-1,-1,-1,-1,0,-1,-1,-1,-1,-1,0
0.002,-1,0,-1,-1,-1,-1,-1,0,-1,-1,-1,-1
,-1,0,-1,-1,-1,-1,-1,0,-1,-1,-1,-1
,-1,-1,-1,-1,0,-1,-1,-1,-1,-1,0,-1
,-1,-1,-1,-1,0,-1,-1,-1,-1,-1,0,-1
0.002,-1,0,-1,-1,-1,-1,-1,0,-1,-1,-1,-1
,-1,0,-1,-1,-1,-1,-1,0,-1,-1,-1,-1
,-1,-1,-1,-1,-1,0,-1,-1,-1,-1,-1,0
,-1,-1,-1,-1,-1,0,-1,-1,-1,-1,-1,0
0.003,0,-1,0,-1,0,-1,0,-1,0,-1,0,-1
,0,-1,0,-1,-1,0,0,-1,0,-1,-1,0
,-1,-1,-1,-1,-1,-1,-1,-1,-1,-1,-1,-1
,-1,-1,-1,-1,-1,-1,-1,-1,-1,-1,-1,-1
0.003,0,-1,0,-1,0,-1,0,-1,0,-1,0,-1
,0,-1,-1,0,-1,0,0,-1,-1,0,-1,0
,-1,-1,-1,-1,-1,-1,-1,-1,-1,-1,-1,-1
,-1,-1,-1,-1,-1,-1,-1,-1,-1,-1,-1,-1
0.003,0,-1,0,-1,0,-1,0,-1,0,-1,0,-1
,-1,0,0,-1,0,-1,-1,0,0,-1,0,-1
,-1,-1,-1,-1,-1,-1,-1,-1,-1,-1,-1,-1
,-1,-1,-1,-1,-1,-1,-1,-1,-1,-1,-1,-1
0.003,0,-1,0,-1,0,-1,0,-1,0,-1,0,-1
,-1,0,-1,0,0,-1,-1,0,-1,0,0,-1
,-1,-1,-1,-1,-1,-1,-1,-1,-1,-1,-1,-1
,-1,-1,-1,-1,-1,-1,-1,-1,-1,-1,-1,-1
0.003,0,-1,0,-1,-1,0,0,-1,0,-1,-1,0
,0,-1,-1,0,0,-1,0,-1,-1,0,0,-1
,-1,-1,-1,-1,-1,-1,-1,-1,-1,-1,-1,-1
,-1,-1,-1,-1,-1,-1,-1,-1,-1,-1,-1,-1
0.003,0,-1,0,-1,-1,0,0,-1,0,-1,-1,0
,-1,0,0,-1,-1,0,-1,0,0,-1,-1,0
,-1,-1,-1,-1,-1,-1,-1,-1,-1,-1,-1,-1
,-1,-1,-1,-1,-1,-1,-1,-1,-1,-1,-1,-1
0.003,0,-1,0,-1,-1,0,0,-1,0,-1,-1,0
,-1,0,-1,0,-1,0,-1,0,-1,0,-1,0
,-1,-1,-1,-1,-1,-1,-1,-1,-1,-1,-1,-1
,-1,-1,-1,-1,-1,-1,-1,-1,-1,-1,-1,-1
0.003,0,-1,-1,0,0,-1,0,-1,-1,0,0,-1
,0,-1,-1,0,-1,0,0,-1,-1,0,-1,0
,-1,-1,-1,-1,-1,-1,-1,-1,-1,-1,-1,-1
,-1,-1,-1,-1,-1,-1,-1,-1,-1,-1,-1,-1
0.003,0,-1,-1,0,0,-1,0,-1,-1,0,0,-1
,-1,0,0,-1,0,-1,-1,0,0,-1,0,-1
,-1,-1,-1,-1,-1,-1,-1,-1,-1,-1,-1,-1
,-1,-1,-1,-1,-1,-1,-1,-1,-1,-1,-1,-1
0.003,0,-1,-1,0,0,-1,0,-1,-1,0,0,-1
,-1,0,-1,0,0,-1,-1,0,-1,0,0,-1
,-1,-1,-1,-1,-1,-1,-1,-1,-1,-1,-1,-1
,-1,-1,-1,-1,-1,-1,-1,-1,-1,-1,-1,-1
0.003,0,-1,-1,0,-1,0,0,-1,-1,0,-1,0
,-1,0,0,-1,-1,0,-1,0,0,-1,-1,0
,-1,-1,-1,-1,-1,-1,-1,-1,-1,-1,-1,-1
,-1,-1,-1,-1,-1,-1,-1,-1,-1,-1,-1,-1
0.003,0,-1,-1,0,-1,0,0,-1,-1,0,-1,0
,-1,0,-1,0,-1,0,-1,0,-1,0,-1,0
,-1,-1,-1,-1,-1,-1,-1,-1,-1,-1,-1,-1
,-1,-1,-1,-1,-1,-1,-1,-1,-1,-1,-1,-1
0.003,-1,0,0,-1,0,-1,-1,0,0,-1,0,-1
,-1,0,0,-1,-1,0,-1,0,0,-1,-1,0
,-1,-1,-1,-1,-1,-1,-1,-1,-1,-1,-1,-1
,-1,-1,-1,-1,-1,-1,-1,-1,-1,-1,-1,-1
0.003,-1,0,0,-1,0,-1,-1,0,0,-1,0,-1
,-1,0,-1,0,-1,0,-1,0,-1,0,-1,0
,-1,-1,-1,-1,-1,-1,-1,-1,-1,-1,-1,-1
,-1,-1,-1,-1,-1,-1,-1,-1,-1,-1,-1,-1
0.003,-1,0,0,-1,-1,0,-1,0,0,-1,-1,0
,-1,0,-1,0,0,-1,-1,0,-1,0,0,-1
,-1,-1,-1,-1,-1,-1,-1,-1,-1,-1,-1,-1
,-1,-1,-1,-1,-1,-1,-1,-1,-1,-1,-1,-1
0.003,-1,0,-1,0,0,-1,-1,0,-1,0,0,-1
,-1,0,-1,0,-1,0,-1,0,-1,0,-1,0
,-1,-1,-1,-1,-1,-1,-1,-1,-1,-1,-1,-1
,-1,-1,-1,-1,-1,-1,-1,-1,-1,-1,-1,-1
0.009,0,0,0,-1,-1,-1,0,0,0,-1,-1,-1
,0,0,-1,0,-1,-1,0,0,-1,0,-1,-1
,-1,-1,-1,-1,-1,-1,-1,-1,-1,-1,-1,-1
,-1,-1,-1,-1,-1,-1,-1,-1,-1,-1,-1,-1
0.009,0,0,0,-1,-1,-1,0,0,0,-1,-1,-1
,-1,-1,0,-1,0,0,-1,-1,0,-1,0,0
,-1,-1,-1,-1,-1,-1,-1,-1,-1,-1,-1,-1
,-1,-1,-1,-1,-1,-1,-1,-1,-1,-1,-1,-1
0.009,0,0,0,-1,-1,-1,0,0,0,-1,-1,-1
,-1,-1,-1,0,0,0,-1,-1,-1,0,0,0
,-1,-1,-1,-1,-1,-1,-1,-1,-1,-1,-1,-1
,-1,-1,-1,-1,-1,-1,-1,-1,-1,-1,-1,-1
0.009,0,0,-1,0,-1,-1,0,0,-1,0,-1,-1
,-1,-1,0,-1,0,0,-1,-1,0,-1,0,0
,-1,-1,-1,-1,-1,-1,-1,-1,-1,-1,-1,-1
,-1,-1,-1,-1,-1,-1,-1,-1,-1,-1,-1,-1
0.009,0,0,-1,0,-1,-1,0,0,-1,0,-1,-1
,-1,-1,-1,0,0,0,-1,-1,-1,0,0,0
,-1,-1,-1,-1,-1,-1,-1,-1,-1,-1,-1,-1
,-1,-1,-1,-1,-1,-1,-1,-1,-1,-1,-1,-1
0.009,-1,-1,0,-1,0,0,-1,-1,0,-1,0,0
,-1,-1,-1,0,0,0,-1,-1,-1,0,0,0
,-1,-1,-1,-1,-1,-1,-1,-1,-1,-1,-1,-1
,-1,-1,-1,-1,-1,-1,-1,-1,-1,-1,-1,-1
0.162,0,-1,-1,-1,-1,-1,0,-1,-1,-1,-1,-1
,-1,-1,-1,-1,0,-1,-1,-1,-1,-1,0,-1
,-1,-1,-1,-1,-1,-1,-1,-1,-1,-1,-1,-1
,-1,-1,-1,-1,-1,-1,-1,-1,-1,-1,-1,-1
0.162,0,-1,-1,-1,-1,-1,0,-1,-1,-1,-1,-1
,-1,-1,-1,-1,-1,0,-1,-1,-1,-1,-1,0
,-1,-1,-1,-1,-1,-1,-1,-1,-1,-1,-1,-1
,-1,-1,-1,-1,-1,-1,-1,-1,-1,-1,-1,-1
0.162,-1,0,-1,-1,-1,-1,-1,0,-1,-1,-1,-1
,-1,-1,-1,-1,0,-1,-1,-1,-1,-1,0,-1
,-1,-1,-1,-1,-1,-1,-1,-1,-1,-1,-1,-1
,-1,-1,-1,-1,-1,-1,-1,-1,-1,-1,-1,-1
0.162,-1,0,-1,-1,-1,-1,-1,0,-1,-1,-1,-1
,-1,-1,-1,-1,-1,0,-1,-1,-1,-1,-1,0
,-1,-1,-1,-1,-1,-1,-1,-1,-1,-1,-1,-1
,-1,-1,-1,-1,-1,-1,-1,-1,-1,-1,-1,-1
0.007,0,0,-1,-1,-1,-1,0,0,-1,-1,-1,-1
,0,-1,0,-1,0,-1,0,-1,0,-1,0,-1
,-1,-1,-1,-1,-1,-1,-1,-1,-1,-1,-1,-1
,-1,-1,-1,-1,-1,-1,-1,-1,-1,-1,-1,-1
0.007,0,0,-1,-1,-1,-1,0,0,-1,-1,-1,-1
,0,-1,0,-1,-1,0,0,-1,0,-1,-1,0
,-1,-1,-1,-1,-1,-1,-1,-1,-1,-1,-1,-1
,-1,-1,-1,-1,-1,-1,-1,-1,-1,-1,-1,-1
0.007,0,0,-1,-1,-1,-1,0,0,-1,-1,-1,-1
,0,-1,-1,0,0,-1,0,-1,-1,0,0,-1
,-1,-1,-1,-1,-1,-1,-1,-1,-1,-1,-1,-1
,-1,-1,-1,-1,-1,-1,-1,-1,-1,-1,-1,-1
0.007,0,0,-1,-1,-1,-1,0,0,-1,-1,-1,-1
,0,-1,-1,0,-1,0,0,-1,-1,0,-1,0
,-1,-1,-1,-1,-1,-1,-1,-1,-1,-1,-1,-1
,-1,-1,-1,-1,-1,-1,-1,-1,-1,-1,-1,-1
0.007,0,0,-1,-1,-1,-1,0,0,-1,-1,-1,-1
,-1,0,0,-1,0,-1,-1,0,0,-1,0,-1
,-1,-1,-1,-1,-1,-1,-1,-1,-1,-1,-1,-1
,-1,-1,-1,-1,-1,-1,-1,-1,-1,-1,-1,-1
0.007,0,0,-1,-1,-1,-1,0,0,-1,-1,-1,-1
,-1,0,0,-1,-1,0,-1,0,0,-1,-1,0
,-1,-1,-1,-1,-1,-1,-1,-1,-1,-1,-1,-1
,-1,-1,-1,-1,-1,-1,-1,-1,-1,-1,-1,-1
0.007,0,0,-1,-1,-1,-1,0,0,-1,-1,-1,-1
,-1,0,-1,0,0,-1,-1,0,-1,0,0,-1
,-1,-1,-1,-1,-1,-1,-1,-1,-1,-1,-1,-1
,-1,-1,-1,-1,-1,-1,-1,-1,-1,-1,-1,-1
0.007,0,0,-1,-1,-1,-1,0,0,-1,-1,-1,-1
,-1,0,-1,0,-1,0,-1,0,-1,0,-1,0
,-1,-1,-1,-1,-1,-1,-1,-1,-1,-1,-1,-1
,-1,-1,-1,-1,-1,-1,-1,-1,-1,-1,-1,-1
0.007,0,-1,0,-1,0,-1,0,-1,0,-1,0,-1
,-1,-1,-1,-1,0,0,-1,-1,-1,-1,0,0
,-1,-1,-1,-1,-1,-1,-1,-1,-1,-1,-1,-1
,-1,-1,-1,-1,-1,-1,-1,-1,-1,-1,-1,-1
0.007,0,-1,0,-1,-1,0,0,-1,0,-1,-1,0
,-1,-1,-1,-1,0,0,-1,-1,-1,-1,0,0
,-1,-1,-1,-1,-1,-1,-1,-1,-1,-1,-1,-1
,-1,-1,-1,-1,-1,-1,-1,-1,-1,-1,-1,-1
0.007,0,-1,-1,0,0,-1,0,-1,-1,0,0,-1
,-1,-1,-1,-1,0,0,-1,-1,-1,-1,0,0
,-1,-1,-1,-1,-1,-1,-1,-1,-1,-1,-1,-1
,-1,-1,-1,-1,-1,-1,-1,-1,-1,-1,-1,-1
0.007,0,-1,-1,0,-1,0,0,-1,-1,0,-1,0
,-1,-1,-1,-1,0,0,-1,-1,-1,-1,0,0
,-1,-1,-1,-1,-1,-1,-1,-1,-1,-1,-1,-1
,-1,-1,-1,-1,-1,-1,-1,-1,-1,-1,-1,-1
0.007,-1,0,0,-1,0,-1,-1,0,0,-1,0,-1
,-1,-1,-1,-1,0,0,-1,-1,-1,-1,0,0
,-1,-1,-1,-1,-1,-1,-1,-1,-1,-1,-1,-1
,-1,-1,-1,-1,-1,-1,-1,-1,-1,-1,-1,-1
0.007,-1,0,0,-1,-1,0,-1,0,0,-1,-1,0
,-1,-1,-1,-1,0,0,-1,-1,-1,-1,0,0
,-1,-1,-1,-1,-1,-1,-1,-1,-1,-1,-1,-1
,-1,-1,-1,-1,-1,-1,-1,-1,-1,-1,-1,-1
0.007,-1,0,-1,0,0,-1,-1,0,-1,0,0,-1
,-1,-1,-1,-1,0,0,-1,-1,-1,-1,0,0
,-1,-1,-1,-1,-1,-1,-1,-1,-1,-1,-1,-1
,-1,-1,-1,-1,-1,-1,-1,-1,-1,-1,-1,-1
0.007,-1,0,-1,0,-1,0,-1,0,-1,0,-1,0
,-1,-1,-1,-1,0,0,-1,-1,-1,-1,0,0
,-1,-1,-1,-1,-1,-1,-1,-1,-1,-1,-1,-1
,-1,-1,-1,-1,-1,-1,-1,-1,-1,-1,-1,-1
-0.489,0,-1,-1,-1,-1,-1,0,-1,-1,-1,-1,-1
,-1,-1,-1,-1,0,0,-1,-1,-1,-1,0,0
,-1,-1,-1,-1,-1,-1,-1,-1,-1,-1,-1,-1
,-1,-1,-1,-1,-1,-1,-1,-1,-1,-1,-1,-1
-0.489,0,0,-1,-1,-1,-1,0,0,-1,-1,-1,-1
,-1,-1,-1,-1,0,-1,-1,-1,-1,-1,0,-1
,-1,-1,-1,-1,-1,-1,-1,-1,-1,-1,-1,-1
,-1,-1,-1,-1,-1,-1,-1,-1,-1,-1,-1,-1
-0.489,0,0,-1,-1,-1,-1,0,0,-1,-1,-1,-1
,-1,-1,-1,-1,-1,0,-1,-1,-1,-1,-1,0
,-1,-1,-1,-1,-1,-1,-1,-1,-1,-1,-1,-1
,-1,-1,-1,-1,-1,-1,-1,-1,-1,-1,-1,-1
-0.489,-1,0,-1,-1,-1,-1,-1,0,-1,-1,-1,-1
,-1,-1,-1,-1,0,0,-1,-1,-1,-1,0,0
,-1,-1,-1,-1,-1,-1,-1,-1,-1,-1,-1,-1
,-1,-1,-1,-1,-1,-1,-1,-1,-1,-1,-1,-1
-0.005,0,0,0,-1,-1,-1,0,0,0,-1,-1,-1
,0,-1,0,-1,0,-1,0,-1,0,-1,0,-1
,-1,-1,-1,-1,-1,-1,-1,-1,-1,-1,-1,-1
,-1,-1,-1,-1,-1,-1,-1,-1,-1,-1,-1,-1
-0.005,0,0,0,-1,-1,-1,0,0,0,-1,-1,-1
,0,-1,0,-1,-1,0,0,-1,0,-1,-1,0
,-1,-1,-1,-1,-1,-1,-1,-1,-1,-1,-1,-1
,-1,-1,-1,-1,-1,-1,-1,-1,-1,-1,-1,-1
-0.005,0,0,0,-1,-1,-1,0,0,0,-1,-1,-1
,0,-1,-1,0,0,-1,0,-1,-1,0,0,-1
,-1,-1,-1,-1,-1,-1,-1,-1,-1,-1,-1,-1
,-1,-1,-1,-1,-1,-1,-1,-1,-1,-1,-1,-1
-0.005,0,0,0,-1,-1,-1,0,0,0,-1,-1,-1
,0,-1,-1,0,-1,0,0,-1,-1,0,-1,0
,-1,-1,-1,-1,-1,-1,-1,-1,-1,-1,-1,-1
,-1,-1,-1,-1,-1,-1,-1,-1,-1,-1,-1,-1
-0.005,0,0,0,-1,-1,-1,0,0,0,-1,-1,-1
,-1,0,0,-1,0,-1,-1,0,0,-1,0,-1
,-1,-1,-1,-1,-1,-1,-1,-1,-1,-1,-1,-1
,-1,-1,-1,-1,-1,-1,-1,-1,-1,-1,-1,-1
-0.005,0,0,0,-1,-1,-1,0,0,0,-1,-1,-1
,-1,0,0,-1,-1,0,-1,0,0,-1,-1,0
,-1,-1,-1,-1,-1,-1,-1,-1,-1,-1,-1,-1
,-1,-1,-1,-1,-1,-1,-1,-1,-1,-1,-1,-1
-0.005,0,0,0,-1,-1,-1,0,0,0,-1,-1,-1
,-1,0,-1,0,0,-1,-1,0,-1,0,0,-1
,-1,-1,-1,-1,-1,-1,-1,-1,-1,-1,-1,-1
,-1,-1,-1,-1,-1,-1,-1,-1,-1,-1,-1,-1
-0.005,0,0,0,-1,-1,-1,0,0,0,-1,-1,-1
,-1,0,-1,0,-1,0,-1,0,-1,0,-1,0
,-1,-1,-1,-1,-1,-1,-1,-1,-1,-1,-1,-1
,-1,-1,-1,-1,-1,-1,-1,-1,-1,-1,-1,-1
-0.005,0,0,-1,0,-1,-1,0,0,-1,0,-1,-1
,0,-1,0,-1,0,-1,0,-1,0,-1,0,-1
,-1,-1,-1,-1,-1,-1,-1,-1,-1,-1,-1,-1
,-1,-1,-1,-1,-1,-1,-1,-1,-1,-1,-1,-1
-0.005,0,0,-1,0,-1,-1,0,0,-1,0,-1,-1
,0,-1,0,-1,-1,0,0,-1,0,-1,-1,0
,-1,-1,-1,-1,-1,-1,-1,-1,-1,-1,-1,-1
,-1,-1,-1,-1,-1,-1,-1,-1,-1,-1,-1,-1
-0.005,0,0,-1,0,-1,-1,0,0,-1,0,-1,-1
,0,-1,-1,0,0,-1,0,-1,-1,0,0,-1
,-1,-1,-1,-1,-1,-1,-1,-1,-1,-1,-1,-1
,-1,-1,-1,-1,-1,-1,-1,-1,-1,-1,-1,-1
-0.005,0,0,-1,0,-1,-1,0,0,-1,0,-1,-1
,0,-1,-1,0,-1,0,0,-1,-1,0,-1,0
,-1,-1,-1,-1,-1,-1,-1,-1,-1,-1,-1,-1
,-1,-1,-1,-1,-1,-1,-1,-1,-1,-1,-1,-1
-0.005,0,0,-1,0,-1,-1,0,0,-1,0,-1,-1
,-1,0,0,-1,0,-1,-1,0,0,-1,0,-1
,-1,-1,-1,-1,-1,-1,-1,-1,-1,-1,-1,-1
,-1,-1,-1,-1,-1,-1,-1,-1,-1,-1,-1,-1
-0.005,0,0,-1,0,-1,-1,0,0,-1,0,-1,-1
,-1,0,0,-1,-1,0,-1,0,0,-1,-1,0
,-1,-1,-1,-1,-1,-1,-1,-1,-1,-1,-1,-1
,-1,-1,-1,-1,-1,-1,-1,-1,-1,-1,-1,-1
-0.005,0,0,-1,0,-1,-1,0,0,-1,0,-1,-1
,-1,0,-1,0,0,-1,-1,0,-1,0,0,-1
,-1,-1,-1,-1,-1,-1,-1,-1,-1,-1,-1,-1
,-1,-1,-1,-1,-1,-1,-1,-1,-1,-1,-1,-1
-0.005,0,0,-1,0,-1,-1,0,0,-1,0,-1,-1
,-1,0,-1,0,-1,0,-1,0,-1,0,-1,0
,-1,-1,-1,-1,-1,-1,-1,-1,-1,-1,-1,-1
,-1,-1,-1,-1,-1,-1,-1,-1,-1,-1,-1,-1
-0.005,0,-1,0,-1,0,-1,0,-1,0,-1,0,-1
,-1,-1,0,-1,0,0,-1,-1,0,-1,0,0
,-1,-1,-1,-1,-1,-1,-1,-1,-1,-1,-1,-1
,-1,-1,-1,-1,-1,-1,-1,-1,-1,-1,-1,-1
-0.005,0,-1,0,-1,0,-1,0,-1,0,-1,0,-1
,-1,-1,-1,0,0,0,-1,-1,-1,0,0,0
,-1,-1,-1,-1,-1,-1,-1,-1,-1,-1,-1,-1
,-1,-1,-1,-1,-1,-1,-1,-1,-1,-1,-1,-1
-0.005,0,-1,0,-1,-1,0,0,-1,0,-1,-1,0
,-1,-1,0,-1,0,0,-1,-1,0,-1,0,0
,-1,-1,-1,-1,-1,-1,-1,-1,-1,-1,-1,-1
,-1,-1,-1,-1,-1,-1,-1,-1,-1,-1,-1,-1
-0.005,0,-1,0,-1,-1,0,0,-1,0,-1,-1,0
,-1,-1,-1,0,0,0,-1,-1,-1,0,0,0
,-1,-1,-1,-1,-1,-1,-1,-1,-1,-1,-1,-1
,-1,-1,-1,-1,-1,-1,-1,-1,-1,-1,-1,-1
-0.005,0,-1,-1,0,0,-1,0,-1,-1,0,0,-1
,-1,-1,0,-1,0,0,-1,-1,0,-1,0,0
,-1,-1,-1,-1,-1,-1,-1,-1,-1,-1,-1,-1
,-1,-1,-1,-1,-1,-1,-1,-1,-1,-1,-1,-1
-0.005,0,-1,-1,0,0,-1,0,-1,-1,0,0,-1
,-1,-1,-1,0,0,0,-1,-1,-1,0,0,0
,-1,-1,-1,-1,-1,-1,-1,-1,-1,-1,-1,-1
,-1,-1,-1,-1,-1,-1,-1,-1,-1,-1,-1,-1
-0.005,0,-1,-1,0,-1,0,0,-1,-1,0,-1,0
,-1,-1,0,-1,0,0,-1,-1,0,-1,0,0
,-1,-1,-1,-1,-1,-1,-1,-1,-1,-1,-1,-1
,-1,-1,-1,-1,-1,-1,-1,-1,-1,-1,-1,-1
-0.005,0,-1,-1,0,-1,0,0,-1,-1,0,-1,0
,-1,-1,-1,0,0,0,-1,-1,-1,0,0,0
,-1,-1,-1,-1,-1,-1,-1,-1,-1,-1,-1,-1
,-1,-1,-1,-1,-1,-1,-1,-1,-1,-1,-1,-1
-0.005,-1,0,0,-1,0,-1,-1,0,0,-1,0,-1
,-1,-1,0,-1,0,0,-1,-1,0,-1,0,0
,-1,-1,-1,-1,-1,-1,-1,-1,-1,-1,-1,-1
,-1,-1,-1,-1,-1,-1,-1,-1,-1,-1,-1,-1
-0.005,-1,0,0,-1,0,-1,-1,0,0,-1,0,-1
,-1,-1,-1,0,0,0,-1,-1,-1,0,0,0
,-1,-1,-1,-1,-1,-1,-1,-1,-1,-1,-1,-1
,-1,-1,-1,-1,-1,-1,-1,-1,-1,-1,-1,-1
-0.005,-1,0,0,-1,-1,0,-1,0,0,-1,-1,0
,-1,-1,0,-1,0,0,-1,-1,0,-1,0,0
,-1,-1,-1,-1,-1,-1,-1,-1,-1,-1,-1,-1
,-1,-1,-1,-1,-1,-1,-1,-1,-1,-1,-1,-1
-0.005,-1,0,0,-1,-1,0,-1,0,0,-1,-1,0
,-1,-1,-1,0,0,0,-1,-1,-1,0,0,0
,-1,-1,-1,-1,-1,-1,-1,-1,-1,-1,-1,-1
,-1,-1,-1,-1,-1,-1,-1,-1,-1,-1,-1,-1
-0.005,-1,0,-1,0,0,-1,-1,0,-1,0,0,-1
,-1,-1,0,-1,0,0,-1,-1,0,-1,0,0
,-1,-1,-1,-1,-1,-1,-1,-1,-1,-1,-1,-1
,-1,-1,-1,-1,-1,-1,-1,-1,-1,-1,-1,-1
-0.005,-1,0,-1,0,0,-1,-1,0,-1,0,0,-1
,-1,-1,-1,0,0,0,-1,-1,-1,0,0,0
,-1,-1,-1,-1,-1,-1,-1,-1,-1,-1,-1,-1
,-1,-1,-1,-1,-1,-1,-1,-1,-1,-1,-1,-1
-0.005,-1,0,-1,0,-1,0,-1,0,-1,0,-1,0
,-1,-1,0,-1,0,0,-1,-1,0,-1,0,0
,-1,-1,-1,-1,-1,-1,-1,-1,-1,-1,-1,-1
,-1,-1,-1,-1,-1,-1,-1,-1,-1,-1,-1,-1
-0.005,-1,0,-1,0,-1,0,-1,0,-1,0,-1,0
,-1,-1,-1,0,0,0,-1,-1,-1,0,0,0
,-1,-1,-1,-1,-1,-1,-1,-1,-1,-1,-1,-1
,-1,-1,-1,-1,-1,-1,-1,-1,-1,-1,-1,-1
-0.014,0,0,-1,-1,-1,-1,0,0,-1,-1,-1,-1
,0,0,0,-1,-1,-1,0,0,0,-1,-1,-1
,-1,-1,-1,-1,-1,-1,-1,-1,-1,-1,-1,-1
,-1,-1,-1,-1,-1,-1,-1,-1,-1,-1,-1,-1
-0.014,0,0,-1,-1,-1,-1,0,0,-1,-1,-1,-1
,0,0,-1,0,-1,-1,0,0,-1,0,-1,-1
,-1,-1,-1,-1,-1,-1,-1,-1,-1,-1,-1,-1
,-1,-1,-1,-1,-1,-1,-1,-1,-1,-1,-1,-1
-0.014,0,0,-1,-1,-1,-1,0,0,-1,-1,-1,-1
,-1,-1,0,-1,0,0,-1,-1,0,-1,0,0
,-1,-1,-1,-1,-1,-1,-1,-1,-1,-1,-1,-1
,-1,-1,-1,-1,-1,-1,-1,-1,-1,-1,-1,-1
-0.014,0,0,-1,-1,-1,-1,0,0,-1,-1,-1,-1
,-1,-1,-1,0,0,0,-1,-1,-1,0,0,0
,-1,-1,-1,-1,-1,-1,-1,-1,-1,-1,-1,-1
,-1,-1,-1,-1,-1,-1,-1,-1,-1,-1,-1,-1
-0.014,0,0,0,-1,-1,-1,0,0,0,-1,-1,-1
,-1,-1,-1,-1,0,0,-1,-1,-1,-1,0,0
,-1,-1,-1,-1,-1,-1,-1,-1,-1,-1,-1,-1
,-1,-1,-1,-1,-1,-1,-1,-1,-1,-1,-1,-1
-0.014,0,0,-1,0,-1,-1,0,0,-1,0,-1,-1
,-1,-1,-1,-1,0,0,-1,-1,-1,-1,0,0
,-1,-1,-1,-1,-1,-1,-1,-1,-1,-1,-1,-1
,-1,-1,-1,-1,-1,-1,-1,-1,-1,-1,-1,-1
-0.014,-1,-1,0,-1,0,0,-1,-1,0,-1,0,0
,-1,-1,-1,-1,0,0,-1,-1,-1,-1,0,0
,-1,-1,-1,-1,-1,-1,-1,-1,-1,-1,-1,-1
,-1,-1,-1,-1,-1,-1,-1,-1,-1,-1,-1,-1
-0.014,-1,-1,-1,0,0,0,-1,-1,-1,0,0,0
,-1,-1,-1,-1,0,0,-1,-1,-1,-1,0,0
,-1,-1,-1,-1,-1,-1,-1,-1,-1,-1,-1,-1
,-1,-1,-1,-1,-1,-1,-1,-1,-1,-1,-1,-1
0.006,0,-1,-1,-1,-1,-1,0,-1,-1,-1,-1,-1
,-1,0,-1,-1,-1,-1,-1,0,-1,-1,-1,-1
,-1,-1,-1,-1,0,-1,-1,-1,-1,-1,0,-1
,-1,-1,-1,-1,0,-1,-1,-1,-1,-1,0,-1
0.006,0,-1,-1,-1,-1,-1,0,-1,-1,-1,-1,-1
,-1,0,-1,-1,-1,-1,-1,0,-1,-1,-1,-1
,-1,-1,-1,-1,-1,0,-1,-1,-1,-1,-1,0
,-1,-1,-1,-1,-1,0,-1,-1,-1,-1,-1,0
0.006,0,-1,-1,-1,-1,-1,0,-1,-1,-1,-1,-1
,0,-1,-1,-1,-1,-1,0,-1,-1,-1,-1,-1
,-1,-1,-1,-1,0,-1,-1,-1,-1,-1,0,-1
,-1,-1,-1,-1,-1,0,-1,-1,-1,-1,-1,0
0.006,-1,0,-1,-1,-1,-1,-1,0,-1,-1,-1,-1
,-1,0,-1,-1,-1,-1,-1,0,-1,-1,-1,-1
,-1,-1,-1,-1,0,-1,-1,-1,-1,-1,0,-1
,-1,-1,-1,-1,-1,0,-1,-1,-1,-1,-1,0
0.007,0,-1,-1,-1,-1,-1,0,-1,-1,-1,-1,-1
,0,0,0,-1,-1,-1,0,0,0,-1,-1,-1
,-1,-1,-1,-1,0,-1,-1,-1,-1,-1,0,-1
,-1,-1,-1,-1,-1,-1,-1,-1,-1,-1,-1,-1
0.007,0,-1,-1,-1,-1,-1,0,-1,-1,-1,-1,-1
,0,0,0,-1,-1,-1,0,0,0,-1,-1,-1
,-1,-1,-1,-1,-1,0,-1,-1,-1,-1,-1,0
,-1,-1,-1,-1,-1,-1,-1,-1,-1,-1,-1,-1
0.007,0,-1,-1,-1,-1,-1,0,-1,-1,-1,-1,-1
,0,0,-1,0,-1,-1,0,0,-1,0,-1,-1
,-1,-1,-1,-1,0,-1,-1,-1,-1,-1,0,-1
,-1,-1,-1,-1,-1,-1,-1,-1,-1,-1,-1,-1
0.007,0,-1,-1,-1,-1,-1,0,-1,-1,-1,-1,-1
,0,0,-1,0,-1,-1,0,0,-1,0,-1,-1
,-1,-1,-1,-1,-1,0,-1,-1,-1,-1,-1,0
,-1,-1,-1,-1,-1,-1,-1,-1,-1,-1,-1,-1
0.007,0,-1,-1,-1,-1,-1,0,-1,-1,-1,-1,-1
,-1,-1,0,-1,0,0,-1,-1,0,-1,0,0
,-1,-1,-1,-1,0,-1,-1,-1,-1,-1,0,-1
,-1,-1,-1,-1,-1,-1,-1,-1,-1,-1,-1,-1
0.007,0,-1,-1,-1,-1,-1,0,-1,-1,-1,-1,-1
,-1,-1,0,-1,0,0,-1,-1,0,-1,0,0
,-1,-1,-1,-1,-1,0,-1,-1,-1,-1,-1,0
,-1,-1,-1,-1,-1,-1,-1,-1,-1,-1,-1,-1
0.007,0,-1,-1,-1,-1,-1,0,-1,-1,-1,-1,-1
,-1,-1,-1,0,0,0,-1,-1,-1,0,0,0
,-1,-1,-1,-1,0,-1,-1,-1,-1,-1,0,-1
,-1,-1,-1,-1,-1,-1,-1,-1,-1,-1,-1,-1
0.007,0,-1,-1,-1,-1,-1,0,-1,-1,-1,-1,-1
,-1,-1,-1,0,0,0,-1,-1,-1,0,0,0
,-1,-1,-1,-1,-1,0,-1,-1,-1,-1,-1,0
,-1,-1,-1,-1,-1,-1,-1,-1,-1,-1,-1,-1
0.007,0,0,0,-1,-1,-1,0,0,0,-1,-1,-1
,-1,0,-1,-1,-1,-1,-1,0,-1,-1,-1,-1
,-1,-1,-1,-1,0,-1,-1,-1,-1,-1,0,-1
,-1,-1,-1,-1,-1,-1,-1,-1,-1,-1,-1,-1
0.007,0,0,0,-1,-1,-1,0,0,0,-1,-1,-1
,-1,0,-1,-1,-1,-1,-1,0,-1,-1,-1,-1
,-1,-1,-1,-1,-1,0,-1,-1,-1,-1,-1,0
,-1,-1,-1,-1,-1,-1,-1,-1,-1,-1,-1,-1
0.007,0,0,-1,0,-1,-1,0,0,-1,0,-1,-1
,-1,0,-1,-1,-1,-1,-1,0,-1,-1,-1,-1
,-1,-1,-1,-1,0,-1,-1,-1,-1,-1,0,-1
,-1,-1,-1,-1,-1,-1,-1,-1,-1,-1,-1,-1
0.007,0,0,-1,0,-1,-1,0,0,-1,0,-1,-1
,-1,0,-1,-1,-1,-1,-1,0,-1,-1,-1,-1
,-1,-1,-1,-1,-1,0,-1,-1,-1,-1,-1,0
,-1,-1,-1,-1,-1,-1,-1,-1,-1,-1,-1,-1
0.007,-1,0,-1,-1,-1,-1,-1,0,-1,-1,-1,-1
,-1,-1,0,-1,0,0,-1,-1,0,-1,0,0
,-1,-1,-1,-1,0,-1,-1,-1,-1,-1,0,-1
,-1,-1,-1,-1,-1,-1,-1,-1,-1,-1,-1,-1
0.007,-1,0,-1,-1,-1,-1,-1,0,-1,-1,-1,-1
,-1,-1,0,-1,0,0,-1,-1,0,-1,0,0
,-1,-1,-1,-1,-1,0,-1,-1,-1,-1,-1,0
,-1,-1,-1,-1,-1,-1,-1,-1,-1,-1,-1,-1
0.007,-1,0,-1,-1,-1,-1,-1,0,-1,-1,-1,-1
,-1,-1,-1,0,0,0,-1,-1,-1,0,0,0
,-1,-1,-1,-1,0,-1,-1,-1,-1,-1,0,-1
,-1,-1,-1,-1,-1,-1,-1,-1,-1,-1,-1,-1
0.007,-1,0,-1,-1,-1,-1,-1,0,-1,-1,-1,-1
,-1,-1,-1,0,0,0,-1,-1,-1,0,0,0
,-1,-1,-1,-1,-1,0,-1,-1,-1,-1,-1,0
,-1,-1,-1,-1,-1,-1,-1,-1,-1,-1,-1,-1
-0.004,0,-1,-1,-1,-1,-1,0,-1,-1,-1,-1,-1
,0,-1,0,-1,0,-1,0,-1,0,-1,0,-1
,-1,-1,-1,-1,-1,0,-1,-1,-1,-1,-1,0
,-1,-1,-1,-1,-1,-1,-1,-1,-1,-1,-1,-1
-0.004,0,-1,-1,-1,-1,-1,0,-1,-1,-1,-1,-1
,0,-1,0,-1,-1,0,0,-1,0,-1,-1,0
,-1,-1,-1,-1,0,-1,-1,-1,-1,-1,0,-1
,-1,-1,-1,-1,-1,-1,-1,-1,-1,-1,-1,-1
-0.004,0,-1,-1,-1,-1,-1,0,-1,-1,-1,-1,-1
,0,-1,-1,0,0,-1,0,-1,-1,0,0,-1
,-1,-1,-1,-1,-1,0,-1,-1,-1,-1,-1,0
,-1,-1,-1,-1,-1,-1,-1,-1,-1,-1,-1,-1
-0.004,0,-1,-1,-1,-1,-1,0,-1,-1,-1,-1,-1
,0,-1,-1,0,-1,0,0,-1,-1,0,-1,0
,-1,-1,-1,-1,0,-1,-1,-1,-1,-1,0,-1
,-1,-1,-1,-1,-1,-1,-1,-1,-1,-1,-1,-1
-0.004,0,-1,-1,-1,-1,-1,0,-1,-1,-1,-1,-1
,-1,0,0,-1,0,-1,-1,0,0,-1,0,-1
,-1,-1,-1,-1,0,-1,-1,-1,-1,-1,0,-1
,-1,-1,-1,-1,-1,-1,-1,-1,-1,-1,-1,-1
-0.004,0,-1,-1,-1,-1,-1,0,-1,-1,-1,-1,-1
,-1,0,0,-1,-1,0,-1,0,0,-1,-1,0
,-1,-1,-1,-1,-1,0,-1,-1,-1,-1,-1,0
,-1,-1,-1,-1,-1,-1,-1,-1,-1,-1,-1,-1
-0.004,0,-1,-1,-1,-1,-1,0,-1,-1,-1,-1,-1
,-1,0,-1,0,0,-1,-1,0,-1,0,0,-1
,-1,-1,-1,-1,0,-1,-1,-1,-1,-1,0,-1
,-1,-1,-1,-1,-1,-1,-1,-1,-1,-1,-1,-1
-0.004,0,-1,-1,-1,-1,-1,0,-1,-1,-1,-1,-1
,-1,0,-1,0,-1,0,-1,0,-1,0,-1,0
,-1,-1,-1,-1,-1,0,-1,-1,-1,-1,-1,0
,-1,-1,-1,-1,-1,-1,-1,-1,-1,-1,-1,-1
-0.004,0,-1,0,-1,0,-1,0,-1,0,-1,0,-1
,-1,0,-1,-1,-1,-1,-1,0,-1,-1,-1,-1
,-1,-1,-1,-1,0,-1,-1,-1,-1,-1,0,-1
,-1,-1,-1,-1,-1,-1,-1,-1,-1,-1,-1,-1
-0.004,0,-1,0,-1,-1,0,0,-1,0,-1,-1,0
,-1,0,-1,-1,-1,-1,-1,0,-1,-1,-1,-1
,-1,-1,-1,-1,-1,0,-1,-1,-1,-1,-1,0
,-1,-1,-1,-1,-1,-1,-1,-1,-1,-1,-1,-1
-0.004,0,-1,-1,0,0,-1,0,-1,-1,0,0,-1
,-1,0,-1,-1,-1,-1,-1,0,-1,-1,-1,-1
,-1,-1,-1,-1,0,-1,-1,-1,-1,-1,0,-1
,-1,-1,-1,-1,-1,-1,-1,-1,-1,-1,-1,-1
-0.004,0,-1,-1,0,-1,0,0,-1,-1,0,-1,0
,-1,0,-1,-1,-1,-1,-1,0,-1,-1,-1,-1
,-1,-1,-1,-1,-1,0,-1,-1,-1,-1,-1,0
,-1,-1,-1,-1,-1,-1,-1,-1,-1,-1,-1,-1
-0.004,-1,0,-1,-1,-1,-1,-1,0,-1,-1,-1,-1
,-1,0,0,-1,0,-1,-1,0,0,-1,0,-1
,-1,-1,-1,-1,-1,0,-1,-1,-1,-1,-1,0
,-1,-1,-1,-1,-1,-1,-1,-1,-1,-1,-1,-1
-0.004,-1,0,-1,-1,-1,-1,-1,0,-1,-1,-1,-1
,-1,0,0,-1,-1,0,-1,0,0,-1,-1,0
,-1,-1,-1,-1,0,-1,-1,-1,-1,-1,0,-1
,-1,-1,-1,-1,-1,-1,-1,-1,-1,-1,-1,-1
-0.004,-1,0,-1,-1,-1,-1,-1,0,-1,-1,-1,-1
,-1,0,-1,0,0,-1,-1,0,-1,0,0,-1
,-1,-1,-1,-1,-1,0,-1,-1,-1,-1,-1,0
,-1,-1,-1,-1,-1,-1,-1,-1,-1,-1,-1,-1
-0.004,-1,0,-1,-1,-1,-1,-1,0,-1,-1,-1,-1
,-1,0,-1,0,-1,0,-1,0,-1,0,-1,0
,-1,-1,-1,-1,0,-1,-1,-1,-1,-1,0,-1
,-1,-1,-1,-1,-1,-1,-1,-1,-1,-1,-1,-1
-0.011,0,-1,-1,-1,-1,-1,0,-1,-1,-1,-1,-1
,0,0,-1,-1,-1,-1,0,0,-1,-1,-1,-1
,-1,-1,-1,-1,0,-1,-1,-1,-1,-1,0,-1
,-1,-1,-1,-1,-1,-1,-1,-1,-1,-1,-1,-1
-0.011,0,-1,-1,-1,-1,-1,0,-1,-1,-1,-1,-1
,0,0,-1,-1,-1,-1,0,0,-1,-1,-1,-1
,-1,-1,-1,-1,-1,0,-1,-1,-1,-1,-1,0
,-1,-1,-1,-1,-1,-1,-1,-1,-1,-1,-1,-1
-0.011,0,-1,-1,-1,-1,-1,0,-1,-1,-1,-1,-1
,-1,-1,-1,-1,0,-1,-1,-1,-1,-1,0,-1
,-1,-1,-1,-1,0,0,-1,-1,-1,-1,0,0
,-1,-1,-1,-1,-1,-1,-1,-1,-1,-1,-1,-1
-0.011,0,-1,-1,-1,-1,-1,0,-1,-1,-1,-1,-1
,-1,-1,-1,-1,0,0,-1,-1,-1,-1,0,0
,-1,-1,-1,-1,-1,0,-1,-1,-1,-1,-1,0
,-1,-1,-1,-1,-1,-1,-1,-1,-1,-1,-1,-1
-0.011,0,0,-1,-1,-1,-1,0,0,-1,-1,-1,-1
,-1,0,-1,-1,-1,-1,-1,0,-1,-1,-1,-1
,-1,-1,-1,-1,0,-1,-1,-1,-1,-1,0,-1
,-1,-1,-1,-1,-1,-1,-1,-1,-1,-1,-1,-1
-0.011,0,0,-1,-1,-1,-1,0,0,-1,-1,-1,-1
,-1,0,-1,-1,-1,-1,-1,0,-1,-1,-1,-1
,-1,-1,-1,-1,-1,0,-1,-1,-1,-1,-1,0
,-1,-1,-1,-1,-1,-1,-1,-1,-1,-1,-1,-1
-0.011,-1,0,-1,-1,-1,-1,-1,0,-1,-1,-1,-1
,-1,-1,-1,-1,0,-1,-1,-1,-1,-1,0,-1
,-1,-1,-1,-1,0,0,-1,-1,-1,-1,0,0
,-1,-1,-1,-1,-1,-1,-1,-1,-1,-1,-1,-1
-0.011,-1,0,-1,-1,-1,-1,-1,0,-1,-1,-1,-1
,-1,-1,-1,-1,0,0,-1,-1,-1,-1,0,0
,-1,-1,-1,-1,-1,0,-1,-1,-1,-1,-1,0
,-1,-1,-1,-1,-1,-1,-1,-1,-1,-1,-1,-1
-0.003,0,-1,-1,-1,-1,-1,0,-1,-1,-1,-1,-1
,0,-1,0,-1,0,-1,0,-1,0,-1,0,-1
,-1,-1,-1,-1,0,-1,-1,-1,-1,-1,0,-1
,-1,-1,-1,-1,-1,-1,-1,-1,-1,-1,-1,-1
-0.003,0,-1,-1,-1,-1,-1,0,-1,-1,-1,-1,-1
,0,-1,0,-1,-1,0,0,-1,0,-1,-1,0
,-1,-1,-1,-1,-1,0,-1,-1,-1,-1,-1,0
,-1,-1,-1,-1,-1,-1,-1,-1,-1,-1,-1,-1
-0.003,0,-1,-1,-1,-1,-1,0,-1,-1,-1,-1,-1
,0,-1,-1,0,0,-1,0,-1,-1,0,0,-1
,-1,-1,-1,-1,0,-1,-1,-1,-1,-1,0,-1
,-1,-1,-1,-1,-1,-1,-1,-1,-1,-1,-1,-1
-0.003,0,-1,-1,-1,-1,-1,0,-1,-1,-1,-1,-1
,0,-1,-1,0,-1,0,0,-1,-1,0,-1,0
,-1,-1,-1,-1,-1,0,-1,-1,-1,-1,-1,0
,-1,-1,-1,-1,-1,-1,-1,-1,-1,-1,-1,-1
-0.003,0,-1,-1,-1,-1,-1,0,-1,-1,-1,-1,-1
,-1,0,0,-1,0,-1,-1,0,0,-1,0,-1
,-1,-1,-1,-1,-1,0,-1,-1,-1,-1,-1,0
,-1,-1,-1,-1,-1,-1,-1,-1,-1,-1,-1,-1
-0.003,0,-1,-1,-1,-1,-1,0,-1,-1,-1,-1,-1
,-1,0,0,-1,-1,0,-1,0,0,-1,-1,0
,-1,-1,-1,-1,0,-1,-1,-1,-1,-1,0,-1
,-1,-1,-1,-1,-1,-1,-1,-1,-1,-1,-1,-1
-0.003,0,-1,-1,-1,-1,-1,0,-1,-1,-1,-1,-1
,-1,0,-1,0,0,-1,-1,0,-1,0,0,-1
,-1,-1,-1,-1,-1,0,-1,-1,-1,-1,-1,0
,-1,-1,-1,-1,-1,-1,-1,-1,-1,-1,-1,-1
-0.003,0,-1,-1,-1,-1,-1,0,-1,-1,-1,-1,-1
,-1,0,-1,0,-1,0,-1,0,-1,0,-1,0
,-1,-1,-1,-1,0,-1,-1,-1,-1,-1,0,-1
,-1,-1,-1,-1,-1,-1,-1,-1,-1,-1,-1,-1
-0.003,0,-1,0,-1,0,-1,0,-1,0,-1,0,-1
,-1,0,-1,-1,-1,-1,-1,0,-1,-1,-1,-1
,-1,-1,-1,-1,-1,0,-1,-1,-1,-1,-1,0
,-1,-1,-1,-1,-1,-1,-1,-1,-1,-1,-1,-1
-0.003,0,-1,0,-1,-1,0,0,-1,0,-1,-1,0
,-1,0,-1,-1,-1,-1,-1,0,-1,-1,-1,-1
,-1,-1,-1,-1,0,-1,-1,-1,-1,-1,0,-1
,-1,-1,-1,-1,-1,-1,-1,-1,-1,-1,-1,-1
-0.003,0,-1,-1,0,0,-1,0,-1,-1,0,0,-1
,-1,0,-1,-1,-1,-1,-1,0,-1,-1,-1,-1
,-1,-1,-1,-1,-1,0,-1,-1,-1,-1,-1,0
,-1,-1,-1,-1,-1,-1,-1,-1,-1,-1,-1,-1
-0.003,0,-1,-1,0,-1,0,0,-1,-1,0,-1,0
,-1,0,-1,-1,-1,-1,-1,0,-1,-1,-1,-1
,-1,-1,-1,-1,0,-1,-1,-1,-1,-1,0,-1
,-1,-1,-1,-1,-1,-1,-1,-1,-1,-1,-1,-1
-0.003,-1,0,-1,-1,-1,-1,-1,0,-1,-1,-1,-1
,-1,0,0,-1,0,-1,-1,0,0,-1,0,-1
,-1,-1,-1,-1,0,-1,-1,-1,-1,-1,0,-1
,-1,-1,-1,-1,-1,-1,-1,-1,-1,-1,-1,-1
-0.003,-1,0,-1,-1,-1,-1,-1,0,-1,-1,-1,-1
,-1,0,0,-1,-1,0,-1,0,0,-1,-1,0
,-1,-1,-1,-1,-1,0,-1,-1,-1,-1,-1,0
,-1,-1,-1,-1,-1,-1,-1,-1,-1,-1,-1,-1
-0.003,-1,0,-1,-1,-1,-1,-1,0,-1,-1,-1,-1
,-1,0,-1,0,0,-1,-1,0,-1,0,0,-1
,-1,-1,-1,-1,0,-1,-1,-1,-1,-1,0,-1
,-1,-1,-1,-1,-1,-1,-1,-1,-1,-1,-1,-1
-0.003,-1,0,-1,-1,-1,-1,-1,0,-1,-1,-1,-1
,-1,0,-1,0,-1,0,-1,0,-1,0,-1,0
,-1,-1,-1,-1,-1,0,-1,-1,-1,-1,-1,0
,-1,-1,-1,-1,-1,-1,-1,-1,-1,-1,-1,-1
0.01,0,-1,-1,-1,-1,-1,0,-1,-1,-1,-1,-1
,-1,0,-1,-1,-1,-1,-1,0,-1,-1,-1,-1
,-1,-1,-1,-1,0,-1,-1,-1,-1,-1,0,-1
,-1,-1,-1,-1,-1,0,-1,-1,-1,-1,-1,0
